occurrence_id,paragraph/table location,claim_text,source_key,source_title,semantic_status,evidence_note,evidence_locator,recommended_action
OCC-0001,p_96,"Trong xử lý và phân tích log tự động, các nghiên cứu đối chuẩn của Zhu et al. (2019)  [1] và Jiang et al. (2024)  [2] chỉ ra rằng các bộ phân tích cú pháp (log parsers) có thể đạt độ chính xác (accuracy), độ bền vững (robustness) và hiệu quả tính toán (efficiency) cao trên các định dạng phổ biến, nhưng vẫn gặp nhiều thách thức khi xử lý các bản ghi phức tạp, mẫu log mới chưa từng thấy hoặc sự kiện hiếm gặp (complex, unseen, or rare logs). Các mô hình LSTM, GRU và Transformer được phát triển để học đặc trưng trình tự và ngữ nghĩa; mạng nơ-ron đồ thị giúp mô hình hóa quan hệ giữa nhiều thực thể; học tự giám sát hỗ trợ khai thác lượng lớn log chưa gán nhãn. Vì vậy, không có một kiến trúc duy nhất phù hợp với mọi nguồn log và mọi loại tấn công.",Zhu2019LogParsing,Tools and Benchmarks for Automated Log Parsing,SUPPORTED,"Cung cấp khung đối chuẩn thực nghiệm và đánh giá toàn diện các thuật toán phân tích cú pháp log (Drain, Spell, AEL, LenMa, IPLoM,...), xác lập đặc tính kỹ thuật, độ chính xác và độ phức tạp tính toán O(N).","Section III (Log Parsers), Section IV (Evaluation), Table II, Table III",NONE
OCC-0002,p_96,"Trong xử lý và phân tích log tự động, các nghiên cứu đối chuẩn của Zhu et al. (2019)  [1] và Jiang et al. (2024)  [2] chỉ ra rằng các bộ phân tích cú pháp (log parsers) có thể đạt độ chính xác (accuracy), độ bền vững (robustness) và hiệu quả tính toán (efficiency) cao trên các định dạng phổ biến, nhưng vẫn gặp nhiều thách thức khi xử lý các bản ghi phức tạp, mẫu log mới chưa từng thấy hoặc sự kiện hiếm gặp (complex, unseen, or rare logs). Các mô hình LSTM, GRU và Transformer được phát triển để học đặc trưng trình tự và ngữ nghĩa; mạng nơ-ron đồ thị giúp mô hình hóa quan hệ giữa nhiều thực thể; học tự giám sát hỗ trợ khai thác lượng lớn log chưa gán nhãn. Vì vậy, không có một kiến trúc duy nhất phù hợp với mọi nguồn log và mọi loại tấn công.",Jiang2024LogParsingEval,A Large-Scale Evaluation for Log Parsing Techniques: How Far Are We?,SUPPORTED,"Khảo sát và đánh giá thực nghiệm quy mô lớn 16 bộ phân tích cú pháp trên 16 bộ dữ liệu log, chứng minh giới hạn về độ bền vững, khả năng xử lý log chưa từng thấy và rào cản lan truyền sai số.","Section 1, Section 4 (Empirical Evaluation), Section 5 (Practical Implications), Table 4, Table 5",NONE
OCC-0003,p_109,"Trong các trung tâm điều hành an ninh mạng (SOC), dữ liệu nhật ký hệ điều hành và nhật ký kiểm toán là nguồn bằng chứng trung tâm phục vụ phát hiện, điều tra và đối phó các cuộc tấn công có chủ đích kéo dài  [3]. Khác với văn bản ngôn ngữ tự nhiên hay tín hiệu hình ảnh, dữ liệu nhật ký có cấu trúc bán cấu trúc, phụ thuộc thứ tự thời gian, phản ánh quan hệ phụ thuộc thực thi giữa các tiến trình và tài nguyên hệ thống, đồng thời mang ngữ nghĩa an ninh chuyên biệt  [4],  [5]. Mục 1.1 hình thức hóa bài toán biểu diễn đặc trưng nhật ký phục vụ phát hiện tấn công đa giai đoạn, phân tích đặc tính không gian dữ liệu doanh nghiệp, xác lập mô hình hành vi dựa trên ma trận MITRE ATT&CK  [6] và thiết lập Hợp đồng Biểu diễn nhằm bảo toàn các ràng buộc an toàn cho không gian vector đặc trưng.",Inam2023ProvenanceSoK,SoK: History is a Vast Early Warning System: Auditing the Provenance of System Intrusions,SUPPORTED,"Công trình SoK kinh điển hệ thống hóa toàn diện về đồ thị nguồn gốc hệ thống (System Provenance Graphs), viễn trắc kiểm toán mức nhân Linux (Auditd/eBPF), bùng nổ phụ thuộc nhân quả, hành vi APT phi tuyến tính và nhiễu quản trị.","Section I, Section II (Provenance & Syscalls), Section III (Attack Representation & APTs), Section IV (Dependency Explosion), Table 1",NONE
OCC-0004,p_109,"Trong các trung tâm điều hành an ninh mạng (SOC), dữ liệu nhật ký hệ điều hành và nhật ký kiểm toán là nguồn bằng chứng trung tâm phục vụ phát hiện, điều tra và đối phó các cuộc tấn công có chủ đích kéo dài  [3]. Khác với văn bản ngôn ngữ tự nhiên hay tín hiệu hình ảnh, dữ liệu nhật ký có cấu trúc bán cấu trúc, phụ thuộc thứ tự thời gian, phản ánh quan hệ phụ thuộc thực thi giữa các tiến trình và tài nguyên hệ thống, đồng thời mang ngữ nghĩa an ninh chuyên biệt  [4],  [5]. Mục 1.1 hình thức hóa bài toán biểu diễn đặc trưng nhật ký phục vụ phát hiện tấn công đa giai đoạn, phân tích đặc tính không gian dữ liệu doanh nghiệp, xác lập mô hình hành vi dựa trên ma trận MITRE ATT&CK  [6] và thiết lập Hợp đồng Biểu diễn nhằm bảo toàn các ràng buộc an toàn cho không gian vector đặc trưng.",Michael2020ForensicValidity,On the Forensic Validity of Approximated Audit Logs,SUPPORTED,Chứng minh tính hợp lệ pháp y và các giới hạn xấp xỉ nhân quả trong đồ thị nguồn gốc thu thập từ cơ chế kiểm toán nhân Linux Auditd; làm rõ sự đánh đổi giữa chi phí thu thập và độ trung thực nhân quả.,"Section 1, Section 2 (Kernel Auditing & Causality), Section 4 (Forensic Validity), Section 6",NONE
OCC-0005,p_109,"Trong các trung tâm điều hành an ninh mạng (SOC), dữ liệu nhật ký hệ điều hành và nhật ký kiểm toán là nguồn bằng chứng trung tâm phục vụ phát hiện, điều tra và đối phó các cuộc tấn công có chủ đích kéo dài  [3]. Khác với văn bản ngôn ngữ tự nhiên hay tín hiệu hình ảnh, dữ liệu nhật ký có cấu trúc bán cấu trúc, phụ thuộc thứ tự thời gian, phản ánh quan hệ phụ thuộc thực thi giữa các tiến trình và tài nguyên hệ thống, đồng thời mang ngữ nghĩa an ninh chuyên biệt  [4],  [5]. Mục 1.1 hình thức hóa bài toán biểu diễn đặc trưng nhật ký phục vụ phát hiện tấn công đa giai đoạn, phân tích đặc tính không gian dữ liệu doanh nghiệp, xác lập mô hình hành vi dựa trên ma trận MITRE ATT&CK  [6] và thiết lập Hợp đồng Biểu diễn nhằm bảo toàn các ràng buộc an toàn cho không gian vector đặc trưng.",Liu2025DatasetQualityLogs,What We Talk About When We Talk About Logs: Understanding the Effects of Dataset Quality on Endpoint Threat Detection Research,SUPPORTED,"Khảo sát và định lượng các thách thức chất lượng dữ liệu log: tỷ lệ mất cân bằng cực đoan (<0.01% độc hại), nhiễu nền, tạo nhãn giả tạo trong môi trường lab và sự suy giảm hiệu năng do phân chia dữ liệu sai.","Section 1 (Challenges), Section 3 (Characterization & Imbalance), Section 4 (Data Quality Pitfalls), Table 2",NONE
OCC-0006,p_109,"Trong các trung tâm điều hành an ninh mạng (SOC), dữ liệu nhật ký hệ điều hành và nhật ký kiểm toán là nguồn bằng chứng trung tâm phục vụ phát hiện, điều tra và đối phó các cuộc tấn công có chủ đích kéo dài  [3]. Khác với văn bản ngôn ngữ tự nhiên hay tín hiệu hình ảnh, dữ liệu nhật ký có cấu trúc bán cấu trúc, phụ thuộc thứ tự thời gian, phản ánh quan hệ phụ thuộc thực thi giữa các tiến trình và tài nguyên hệ thống, đồng thời mang ngữ nghĩa an ninh chuyên biệt  [4],  [5]. Mục 1.1 hình thức hóa bài toán biểu diễn đặc trưng nhật ký phục vụ phát hiện tấn công đa giai đoạn, phân tích đặc tính không gian dữ liệu doanh nghiệp, xác lập mô hình hành vi dựa trên ma trận MITRE ATT&CK  [6] và thiết lập Hợp đồng Biểu diễn nhằm bảo toàn các ràng buộc an toàn cho không gian vector đặc trưng.",MITRE2026ATTCK,MITRE ATT&CK: Enterprise Tactics and Techniques Matrix (v19.1),SUPPORTED,Khung chuẩn hóa tri thức an ninh mạng MITRE ATT&CK phân loại các chiến thuật (Tactics) và kỹ thuật (Techniques) tấn công; làm cơ sở xác lập Không gian Bằng chứng Hành vi Đa chiều và ánh xạ đa nhãn.,"Official Matrix Architecture & Philosophy, Enterprise Tactics & Techniques Overview",NONE
OCC-0007,p_111,"Không gian dữ liệu nhật ký trong môi trường mạng doanh nghiệp được tổng hợp từ ba nhóm nguồn dữ liệu chính với cấu trúc và định dạng không đồng nhất  [3],  [7]. Nhóm thứ nhất là nhật ký kiểm toán máy chủ và viễn trắc nguồn gốc. Trên các hệ thống Linux, các cơ chế thu thập viễn trắc nguồn gốc và kiểm toán mức nhân, như Linux Auditd hoặc eBPF, ghi nhận các sự kiện lời gọi hệ thống, tiêu biểu như khởi tạo tiến trình execve, thao tác tệp tin open, openat, unlink và kết nối mạng connect, accept, để phục vụ điều tra số và xây dựng đồ thị quan hệ nhân quả  [3],  [4]. Trong khi đó, trên môi trường Windows, Microsoft Sysinternals Sysmon cung cấp viễn trắc an ninh mức hệ điều hành thông qua các sự kiện định danh chuẩn hóa theo đặc tả kỹ thuật chính thức của Russinovich & Garnier  [8], tiêu biểu gồm: khởi tạo tiến trình (ProcessCreate - Event ID 1), kết nối mạng (NetworkConnect - Event ID 3), nạp thư viện động (ImageLoaded - Event ID 7), tạo tệp tin (FileCreate - Event ID 11), và thao tác cấu hình registry (RegistryEvent - Event ID 13). Nhóm thứ hai là nhật ký luồng mạng, được thu thập từ Zeek, Suricata hoặc NetFlow/IPFIX, cung cấp siêu dữ liệu kết nối giữa các nút mạng, giao dịch DNS, chứng chỉ TLS/SSL và thông lượng gói tin. Nhóm thứ ba là nhật ký ứng dụng và dịch vụ phân tán, phát sinh từ máy chủ web Apache, hệ thống tệp phân tán HDFS cùng các dịch vụ tính toán cụm thuộc bộ benchmark LogHub  [9].",Inam2023ProvenanceSoK,SoK: History is a Vast Early Warning System: Auditing the Provenance of System Intrusions,SUPPORTED,"Hệ thống hóa cơ chế thu thập viễn trắc kiểm toán mức nhân Linux (Auditd, eBPF) ghi nhận các lời gọi hệ thống (execve, open, connect,...) để xây dựng đồ thị quan hệ nhân quả.",Section II.A & Table 1 (Kernel Auditing Mechanisms),NONE
OCC-0008,p_111,"Không gian dữ liệu nhật ký trong môi trường mạng doanh nghiệp được tổng hợp từ ba nhóm nguồn dữ liệu chính với cấu trúc và định dạng không đồng nhất  [3],  [7]. Nhóm thứ nhất là nhật ký kiểm toán máy chủ và viễn trắc nguồn gốc. Trên các hệ thống Linux, các cơ chế thu thập viễn trắc nguồn gốc và kiểm toán mức nhân, như Linux Auditd hoặc eBPF, ghi nhận các sự kiện lời gọi hệ thống, tiêu biểu như khởi tạo tiến trình execve, thao tác tệp tin open, openat, unlink và kết nối mạng connect, accept, để phục vụ điều tra số và xây dựng đồ thị quan hệ nhân quả  [3],  [4]. Trong khi đó, trên môi trường Windows, Microsoft Sysinternals Sysmon cung cấp viễn trắc an ninh mức hệ điều hành thông qua các sự kiện định danh chuẩn hóa theo đặc tả kỹ thuật chính thức của Russinovich & Garnier  [8], tiêu biểu gồm: khởi tạo tiến trình (ProcessCreate - Event ID 1), kết nối mạng (NetworkConnect - Event ID 3), nạp thư viện động (ImageLoaded - Event ID 7), tạo tệp tin (FileCreate - Event ID 11), và thao tác cấu hình registry (RegistryEvent - Event ID 13). Nhóm thứ hai là nhật ký luồng mạng, được thu thập từ Zeek, Suricata hoặc NetFlow/IPFIX, cung cấp siêu dữ liệu kết nối giữa các nút mạng, giao dịch DNS, chứng chỉ TLS/SSL và thông lượng gói tin. Nhóm thứ ba là nhật ký ứng dụng và dịch vụ phân tán, phát sinh từ máy chủ web Apache, hệ thống tệp phân tán HDFS cùng các dịch vụ tính toán cụm thuộc bộ benchmark LogHub  [9].",Zipperle2022PIDSSurvey,Provenance-based Intrusion Detection Systems: A Survey,SUPPORTED,"Khảo cứu toàn diện về các hệ thống phát hiện xâm nhập dựa trên đồ thị nguồn gốc (PIDS): phân loại các tiếp cận dựa trên đồ thị, chuỗi và tập luật; phân tích sự đánh đổi giữa độ giàu ngữ cảnh và chi phí tính toán.","Section 1, Section 2 (Provenance Data Model & Capture), Section 4 (Anomaly Detection Approaches), Table 3",NONE
OCC-0009,p_111,"Không gian dữ liệu nhật ký trong môi trường mạng doanh nghiệp được tổng hợp từ ba nhóm nguồn dữ liệu chính với cấu trúc và định dạng không đồng nhất  [3],  [7]. Nhóm thứ nhất là nhật ký kiểm toán máy chủ và viễn trắc nguồn gốc. Trên các hệ thống Linux, các cơ chế thu thập viễn trắc nguồn gốc và kiểm toán mức nhân, như Linux Auditd hoặc eBPF, ghi nhận các sự kiện lời gọi hệ thống, tiêu biểu như khởi tạo tiến trình execve, thao tác tệp tin open, openat, unlink và kết nối mạng connect, accept, để phục vụ điều tra số và xây dựng đồ thị quan hệ nhân quả  [3],  [4]. Trong khi đó, trên môi trường Windows, Microsoft Sysinternals Sysmon cung cấp viễn trắc an ninh mức hệ điều hành thông qua các sự kiện định danh chuẩn hóa theo đặc tả kỹ thuật chính thức của Russinovich & Garnier  [8], tiêu biểu gồm: khởi tạo tiến trình (ProcessCreate - Event ID 1), kết nối mạng (NetworkConnect - Event ID 3), nạp thư viện động (ImageLoaded - Event ID 7), tạo tệp tin (FileCreate - Event ID 11), và thao tác cấu hình registry (RegistryEvent - Event ID 13). Nhóm thứ hai là nhật ký luồng mạng, được thu thập từ Zeek, Suricata hoặc NetFlow/IPFIX, cung cấp siêu dữ liệu kết nối giữa các nút mạng, giao dịch DNS, chứng chỉ TLS/SSL và thông lượng gói tin. Nhóm thứ ba là nhật ký ứng dụng và dịch vụ phân tán, phát sinh từ máy chủ web Apache, hệ thống tệp phân tán HDFS cùng các dịch vụ tính toán cụm thuộc bộ benchmark LogHub  [9].",Inam2023ProvenanceSoK,SoK: History is a Vast Early Warning System: Auditing the Provenance of System Intrusions,SUPPORTED,"Hệ thống hóa cơ chế thu thập viễn trắc kiểm toán mức nhân Linux (Auditd, eBPF) ghi nhận các lời gọi hệ thống (execve, open, connect,...) để xây dựng đồ thị quan hệ nhân quả.",Section II.A & Table 1 (Kernel Auditing Mechanisms),NONE
OCC-0010,p_111,"Không gian dữ liệu nhật ký trong môi trường mạng doanh nghiệp được tổng hợp từ ba nhóm nguồn dữ liệu chính với cấu trúc và định dạng không đồng nhất  [3],  [7]. Nhóm thứ nhất là nhật ký kiểm toán máy chủ và viễn trắc nguồn gốc. Trên các hệ thống Linux, các cơ chế thu thập viễn trắc nguồn gốc và kiểm toán mức nhân, như Linux Auditd hoặc eBPF, ghi nhận các sự kiện lời gọi hệ thống, tiêu biểu như khởi tạo tiến trình execve, thao tác tệp tin open, openat, unlink và kết nối mạng connect, accept, để phục vụ điều tra số và xây dựng đồ thị quan hệ nhân quả  [3],  [4]. Trong khi đó, trên môi trường Windows, Microsoft Sysinternals Sysmon cung cấp viễn trắc an ninh mức hệ điều hành thông qua các sự kiện định danh chuẩn hóa theo đặc tả kỹ thuật chính thức của Russinovich & Garnier  [8], tiêu biểu gồm: khởi tạo tiến trình (ProcessCreate - Event ID 1), kết nối mạng (NetworkConnect - Event ID 3), nạp thư viện động (ImageLoaded - Event ID 7), tạo tệp tin (FileCreate - Event ID 11), và thao tác cấu hình registry (RegistryEvent - Event ID 13). Nhóm thứ hai là nhật ký luồng mạng, được thu thập từ Zeek, Suricata hoặc NetFlow/IPFIX, cung cấp siêu dữ liệu kết nối giữa các nút mạng, giao dịch DNS, chứng chỉ TLS/SSL và thông lượng gói tin. Nhóm thứ ba là nhật ký ứng dụng và dịch vụ phân tán, phát sinh từ máy chủ web Apache, hệ thống tệp phân tán HDFS cùng các dịch vụ tính toán cụm thuộc bộ benchmark LogHub  [9].",Michael2020ForensicValidity,On the Forensic Validity of Approximated Audit Logs,SUPPORTED,Xác lập cơ sở về tính hợp lệ pháp y của viễn trắc kiểm toán Linux Auditd trong việc tái dựng quan hệ phụ thuộc nhân quả.,Section 2 (System Architecture & Auditd Tracing),NONE
OCC-0011,p_111,"Không gian dữ liệu nhật ký trong môi trường mạng doanh nghiệp được tổng hợp từ ba nhóm nguồn dữ liệu chính với cấu trúc và định dạng không đồng nhất  [3],  [7]. Nhóm thứ nhất là nhật ký kiểm toán máy chủ và viễn trắc nguồn gốc. Trên các hệ thống Linux, các cơ chế thu thập viễn trắc nguồn gốc và kiểm toán mức nhân, như Linux Auditd hoặc eBPF, ghi nhận các sự kiện lời gọi hệ thống, tiêu biểu như khởi tạo tiến trình execve, thao tác tệp tin open, openat, unlink và kết nối mạng connect, accept, để phục vụ điều tra số và xây dựng đồ thị quan hệ nhân quả  [3],  [4]. Trong khi đó, trên môi trường Windows, Microsoft Sysinternals Sysmon cung cấp viễn trắc an ninh mức hệ điều hành thông qua các sự kiện định danh chuẩn hóa theo đặc tả kỹ thuật chính thức của Russinovich & Garnier  [8], tiêu biểu gồm: khởi tạo tiến trình (ProcessCreate - Event ID 1), kết nối mạng (NetworkConnect - Event ID 3), nạp thư viện động (ImageLoaded - Event ID 7), tạo tệp tin (FileCreate - Event ID 11), và thao tác cấu hình registry (RegistryEvent - Event ID 13). Nhóm thứ hai là nhật ký luồng mạng, được thu thập từ Zeek, Suricata hoặc NetFlow/IPFIX, cung cấp siêu dữ liệu kết nối giữa các nút mạng, giao dịch DNS, chứng chỉ TLS/SSL và thông lượng gói tin. Nhóm thứ ba là nhật ký ứng dụng và dịch vụ phân tán, phát sinh từ máy chủ web Apache, hệ thống tệp phân tán HDFS cùng các dịch vụ tính toán cụm thuộc bộ benchmark LogHub  [9].",Russinovich2026Sysmon,Sysmon (System Monitor) - Sysinternals,SUPPORTED,"Đặc tả kỹ thuật chính thức của Microsoft Sysinternals Sysmon: định nghĩa chuẩn hóa Event ID 1 (ProcessCreate), Event ID 3 (NetworkConnect), Event ID 7 (ImageLoaded), Event ID 11 (FileCreate), và Event ID 13 (RegistryEvent).","Microsoft Learn Sysinternals Documentation, Sysmon Event IDs Section",NONE
OCC-0012,p_111,"Không gian dữ liệu nhật ký trong môi trường mạng doanh nghiệp được tổng hợp từ ba nhóm nguồn dữ liệu chính với cấu trúc và định dạng không đồng nhất  [3],  [7]. Nhóm thứ nhất là nhật ký kiểm toán máy chủ và viễn trắc nguồn gốc. Trên các hệ thống Linux, các cơ chế thu thập viễn trắc nguồn gốc và kiểm toán mức nhân, như Linux Auditd hoặc eBPF, ghi nhận các sự kiện lời gọi hệ thống, tiêu biểu như khởi tạo tiến trình execve, thao tác tệp tin open, openat, unlink và kết nối mạng connect, accept, để phục vụ điều tra số và xây dựng đồ thị quan hệ nhân quả  [3],  [4]. Trong khi đó, trên môi trường Windows, Microsoft Sysinternals Sysmon cung cấp viễn trắc an ninh mức hệ điều hành thông qua các sự kiện định danh chuẩn hóa theo đặc tả kỹ thuật chính thức của Russinovich & Garnier  [8], tiêu biểu gồm: khởi tạo tiến trình (ProcessCreate - Event ID 1), kết nối mạng (NetworkConnect - Event ID 3), nạp thư viện động (ImageLoaded - Event ID 7), tạo tệp tin (FileCreate - Event ID 11), và thao tác cấu hình registry (RegistryEvent - Event ID 13). Nhóm thứ hai là nhật ký luồng mạng, được thu thập từ Zeek, Suricata hoặc NetFlow/IPFIX, cung cấp siêu dữ liệu kết nối giữa các nút mạng, giao dịch DNS, chứng chỉ TLS/SSL và thông lượng gói tin. Nhóm thứ ba là nhật ký ứng dụng và dịch vụ phân tán, phát sinh từ máy chủ web Apache, hệ thống tệp phân tán HDFS cùng các dịch vụ tính toán cụm thuộc bộ benchmark LogHub  [9].",Zhu2023Loghub,Loghub: A Large Collection of System Log Datasets for AI-driven Log Analytics,SUPPORTED,Mô tả tập dữ liệu HDFS với nhãn bất thường được xác lập theo vết thực thi mức khối dữ liệu (Block ID).,Section 2.1 & Table 1 (HDFS Dataset),NONE
OCC-0013,p_117,"Bên cạnh tính dị thể giữa các nguồn thu thập, dữ liệu nhật ký doanh nghiệp còn chịu áp lực lớn về mặt thông lượng và tỷ lệ phân bố nhãn  [5],  [10]. Hệ thống tiếp nhận luồng sự kiện liên tục với tốc độ cao, đòi hỏi cơ chế xử lý dòng trực tiếp như cách tiếp cận phác họa đồ thị của UNICORN  [11], đồng thời đặt ra yêu cầu kiểm soát tài nguyên bộ nhớ khi theo dõi các đồ thị nguồn gốc kéo dài. Tỷ lệ các dòng nhật ký liên quan đến hành vi tấn công trong thực tế thường rất nhỏ so với lưu lượng vận hành nền, tạo ra sự mất cân bằng dữ liệu sâu sắc khiến các thuật toán học máy thông thường có xu hướng bỏ qua nhóm thiểu số  [10]. Bên cạnh đó, hiện tượng sụp đổ chiều biểu diễn có nguy cơ xuất hiện khi mô hình học biểu diễn tự giám sát trên luồng dữ liệu mất cân bằng không có cơ chế điều hòa phương sai và hiệp phương sai phù hợp để duy trì độ phong phú của các chiều vector  [12],  [13].",Liu2025DatasetQualityLogs,What We Talk About When We Talk About Logs: Understanding the Effects of Dataset Quality on Endpoint Threat Detection Research,SUPPORTED,"Định lượng tỷ lệ mất cân bằng cực đoan trong dữ liệu log thực tế, nơi sự kiện độc hại chiếm tỷ lệ rất nhỏ so với lưu lượng nền.",Section 3.1 & Table 2 (Class Imbalance Metrics),NONE
OCC-0014,p_117,"Bên cạnh tính dị thể giữa các nguồn thu thập, dữ liệu nhật ký doanh nghiệp còn chịu áp lực lớn về mặt thông lượng và tỷ lệ phân bố nhãn  [5],  [10]. Hệ thống tiếp nhận luồng sự kiện liên tục với tốc độ cao, đòi hỏi cơ chế xử lý dòng trực tiếp như cách tiếp cận phác họa đồ thị của UNICORN  [11], đồng thời đặt ra yêu cầu kiểm soát tài nguyên bộ nhớ khi theo dõi các đồ thị nguồn gốc kéo dài. Tỷ lệ các dòng nhật ký liên quan đến hành vi tấn công trong thực tế thường rất nhỏ so với lưu lượng vận hành nền, tạo ra sự mất cân bằng dữ liệu sâu sắc khiến các thuật toán học máy thông thường có xu hướng bỏ qua nhóm thiểu số  [10]. Bên cạnh đó, hiện tượng sụp đổ chiều biểu diễn có nguy cơ xuất hiện khi mô hình học biểu diễn tự giám sát trên luồng dữ liệu mất cân bằng không có cơ chế điều hòa phương sai và hiệp phương sai phù hợp để duy trì độ phong phú của các chiều vector  [12],  [13].",Arp2022DosDonts,Dos and Don'ts of Machine Learning in Computer Security,SUPPORTED,"Bài báo tổng kết kinh điển tại USENIX Security 2022 về 10 cạm bẫy phương pháp luận trong ML an ninh mạng: rò rỉ phân vùng (snooping), tương quan giả, trôi dạt phân phối, và yêu cầu đánh giá đóng băng tham số (Frozen Linear Probing).","Section 2 (Pitfalls), Section 3 (P1: Sampling Bias, P2: Snooping), Section 4 (P4: Lab vs Real-world & Drift), Table 1",NONE
OCC-0015,p_117,"Bên cạnh tính dị thể giữa các nguồn thu thập, dữ liệu nhật ký doanh nghiệp còn chịu áp lực lớn về mặt thông lượng và tỷ lệ phân bố nhãn  [5],  [10]. Hệ thống tiếp nhận luồng sự kiện liên tục với tốc độ cao, đòi hỏi cơ chế xử lý dòng trực tiếp như cách tiếp cận phác họa đồ thị của UNICORN  [11], đồng thời đặt ra yêu cầu kiểm soát tài nguyên bộ nhớ khi theo dõi các đồ thị nguồn gốc kéo dài. Tỷ lệ các dòng nhật ký liên quan đến hành vi tấn công trong thực tế thường rất nhỏ so với lưu lượng vận hành nền, tạo ra sự mất cân bằng dữ liệu sâu sắc khiến các thuật toán học máy thông thường có xu hướng bỏ qua nhóm thiểu số  [10]. Bên cạnh đó, hiện tượng sụp đổ chiều biểu diễn có nguy cơ xuất hiện khi mô hình học biểu diễn tự giám sát trên luồng dữ liệu mất cân bằng không có cơ chế điều hòa phương sai và hiệp phương sai phù hợp để duy trì độ phong phú của các chiều vector  [12],  [13].",Han2020UNICORN,UNICORN: Runtime Provenance-Based Detector for Advanced Persistent Threats,SUPPORTED,"Đề xuất hệ thống PIDS thời gian thực UNICORN sử dụng thuật toán băm cây con Weisfeiler-Lehman để tóm tắt đồ thị nguồn gốc động thành histogram dòng (HistoGraph), tối ưu hóa bộ nhớ cho môi trường luồng.","Section 1, Section 3 (Design & Graph Sketching), Section 4 (Streaming Histogram & WL), Section 6",NONE
OCC-0016,p_117,"Bên cạnh tính dị thể giữa các nguồn thu thập, dữ liệu nhật ký doanh nghiệp còn chịu áp lực lớn về mặt thông lượng và tỷ lệ phân bố nhãn  [5],  [10]. Hệ thống tiếp nhận luồng sự kiện liên tục với tốc độ cao, đòi hỏi cơ chế xử lý dòng trực tiếp như cách tiếp cận phác họa đồ thị của UNICORN  [11], đồng thời đặt ra yêu cầu kiểm soát tài nguyên bộ nhớ khi theo dõi các đồ thị nguồn gốc kéo dài. Tỷ lệ các dòng nhật ký liên quan đến hành vi tấn công trong thực tế thường rất nhỏ so với lưu lượng vận hành nền, tạo ra sự mất cân bằng dữ liệu sâu sắc khiến các thuật toán học máy thông thường có xu hướng bỏ qua nhóm thiểu số  [10]. Bên cạnh đó, hiện tượng sụp đổ chiều biểu diễn có nguy cơ xuất hiện khi mô hình học biểu diễn tự giám sát trên luồng dữ liệu mất cân bằng không có cơ chế điều hòa phương sai và hiệp phương sai phù hợp để duy trì độ phong phú của các chiều vector  [12],  [13].",Arp2022DosDonts,Dos and Don'ts of Machine Learning in Computer Security,SUPPORTED,"Bài báo tổng kết kinh điển tại USENIX Security 2022 về 10 cạm bẫy phương pháp luận trong ML an ninh mạng: rò rỉ phân vùng (snooping), tương quan giả, trôi dạt phân phối, và yêu cầu đánh giá đóng băng tham số (Frozen Linear Probing).","Section 2 (Pitfalls), Section 3 (P1: Sampling Bias, P2: Snooping), Section 4 (P4: Lab vs Real-world & Drift), Table 1",NONE
OCC-0017,p_117,"Bên cạnh tính dị thể giữa các nguồn thu thập, dữ liệu nhật ký doanh nghiệp còn chịu áp lực lớn về mặt thông lượng và tỷ lệ phân bố nhãn  [5],  [10]. Hệ thống tiếp nhận luồng sự kiện liên tục với tốc độ cao, đòi hỏi cơ chế xử lý dòng trực tiếp như cách tiếp cận phác họa đồ thị của UNICORN  [11], đồng thời đặt ra yêu cầu kiểm soát tài nguyên bộ nhớ khi theo dõi các đồ thị nguồn gốc kéo dài. Tỷ lệ các dòng nhật ký liên quan đến hành vi tấn công trong thực tế thường rất nhỏ so với lưu lượng vận hành nền, tạo ra sự mất cân bằng dữ liệu sâu sắc khiến các thuật toán học máy thông thường có xu hướng bỏ qua nhóm thiểu số  [10]. Bên cạnh đó, hiện tượng sụp đổ chiều biểu diễn có nguy cơ xuất hiện khi mô hình học biểu diễn tự giám sát trên luồng dữ liệu mất cân bằng không có cơ chế điều hòa phương sai và hiệp phương sai phù hợp để duy trì độ phong phú của các chiều vector  [12],  [13].",Bardes2022VICReg,VICReg: Variance-Invariance-Covariance Regularization for Self-Supervised Learning,SUPPORTED,"Chứng minh cơ chế điều hòa phương sai dạng bản lề v(Z) ép độ lệch chuẩn của từng chiều vector vượt ngưỡng gamma, ngăn chặn triệt để sụp đổ biểu diễn (collapse).",Section 2.1 (Variance Regularization),NONE
OCC-0018,p_117,"Bên cạnh tính dị thể giữa các nguồn thu thập, dữ liệu nhật ký doanh nghiệp còn chịu áp lực lớn về mặt thông lượng và tỷ lệ phân bố nhãn  [5],  [10]. Hệ thống tiếp nhận luồng sự kiện liên tục với tốc độ cao, đòi hỏi cơ chế xử lý dòng trực tiếp như cách tiếp cận phác họa đồ thị của UNICORN  [11], đồng thời đặt ra yêu cầu kiểm soát tài nguyên bộ nhớ khi theo dõi các đồ thị nguồn gốc kéo dài. Tỷ lệ các dòng nhật ký liên quan đến hành vi tấn công trong thực tế thường rất nhỏ so với lưu lượng vận hành nền, tạo ra sự mất cân bằng dữ liệu sâu sắc khiến các thuật toán học máy thông thường có xu hướng bỏ qua nhóm thiểu số  [10]. Bên cạnh đó, hiện tượng sụp đổ chiều biểu diễn có nguy cơ xuất hiện khi mô hình học biểu diễn tự giám sát trên luồng dữ liệu mất cân bằng không có cơ chế điều hòa phương sai và hiệp phương sai phù hợp để duy trì độ phong phú của các chiều vector  [12],  [13].",Zbontar2021BarlowTwins,Barlow Twins: Self-Supervised Learning via Redundancy Reduction,SUPPORTED,"Đề xuất nguyên lý triệt tiêu dư thừa thông tin trong học tự giám sát: ép ma trận tương quan chéo giữa hai góc nhìn tiến về ma trận đơn vị, loại bỏ sự phụ thuộc giữa các chiều vector mà không cần mẫu âm.","Abstract, Section 2 (Method: Cross-Correlation Objective), Section 3, Figure 1",NONE
OCC-0019,p_118,"Dưới góc độ phân phối thời gian, dữ liệu nhật ký liên tục biến động trong quá trình vận hành dài hạn. Dựa trên bản chất không dừng của luồng dữ liệu và phương pháp luận đánh giá theo thời gian  [10], bốn dạng trôi dạt dữ liệu được phân định như sau:",Arp2022DosDonts,Dos and Don'ts of Machine Learning in Computer Security,SUPPORTED,"Bài báo tổng kết kinh điển tại USENIX Security 2022 về 10 cạm bẫy phương pháp luận trong ML an ninh mạng: rò rỉ phân vùng (snooping), tương quan giả, trôi dạt phân phối, và yêu cầu đánh giá đóng băng tham số (Frozen Linear Probing).","Section 2 (Pitfalls), Section 3 (P1: Sampling Bias, P2: Snooping), Section 4 (P4: Lab vs Real-world & Drift), Table 1",NONE
OCC-0020,p_125,"Tuy nhiên, trên thực tế vận hành và theo khung phân loại chuẩn hóa của ma trận tri thức an ninh MITRE ATT&CK  [6], các chiến dịch tấn công có chủ đích (APT) mang bản chất phi tuyến tính sâu sắc  [3]. Cần lưu ý rằng MITRE khuyến nghị ATT&CK không phải là một danh mục kiểm tra đầy đủ khép kín; từ ontology ATT&CK và các quan sát về đồ thị nguồn gốc hệ thống  [3], nghiên cứu tổng hợp ba cấu trúc phân tích đặc thù sau ; đây là cấu trúc phân loại do đề tài tự tổng hợp, không phải bảng phân loại chính thức của MITRE ATT&CK: Một là, cấu trúc nhảy cóc giai đoạn Step Skipping: Kẻ tấn công có thể khai thác trực tiếp lỗ hổng thực thi mã từ xa để trích xuất dữ liệu ra ngoài mà không cần thiết lập cơ chế duy trì hay di chuyển ngang; Hai là, cấu trúc lặp vòng kỹ thuật Tactic Looping & Interleaving: Kỹ thuật thu thập thông tin nội bộ Discovery thường được lặp lại nhiều lần xen kẽ giữa các bước leo thang đặc quyền và chiếm đoạt thông tin xác thực; Ba là, cấu trúc phân nhánh tiến trình song song Parallel Branching: Kẻ tấn công có thể khởi tạo đồng thời nhiều luồng tiến trình con độc lập trên các tiến trình hợp lệ khác nhau nhằm phân tán sự theo dõi của hệ thống phòng thủ.",MITRE2026ATTCK,MITRE ATT&CK: Enterprise Tactics and Techniques Matrix (v19.1),SUPPORTED,"Ma trận ATT&CK thể hiện mối quan hệ phi tuyến tính giữa các kỹ thuật, cho phép một hành vi đồng thời kích hoạt nhiều nhãn chiến thuật/kỹ thuật.",Enterprise Matrix Architecture & Multi-label Mapping,NONE
OCC-0021,p_125,"Tuy nhiên, trên thực tế vận hành và theo khung phân loại chuẩn hóa của ma trận tri thức an ninh MITRE ATT&CK  [6], các chiến dịch tấn công có chủ đích (APT) mang bản chất phi tuyến tính sâu sắc  [3]. Cần lưu ý rằng MITRE khuyến nghị ATT&CK không phải là một danh mục kiểm tra đầy đủ khép kín; từ ontology ATT&CK và các quan sát về đồ thị nguồn gốc hệ thống  [3], nghiên cứu tổng hợp ba cấu trúc phân tích đặc thù sau ; đây là cấu trúc phân loại do đề tài tự tổng hợp, không phải bảng phân loại chính thức của MITRE ATT&CK: Một là, cấu trúc nhảy cóc giai đoạn Step Skipping: Kẻ tấn công có thể khai thác trực tiếp lỗ hổng thực thi mã từ xa để trích xuất dữ liệu ra ngoài mà không cần thiết lập cơ chế duy trì hay di chuyển ngang; Hai là, cấu trúc lặp vòng kỹ thuật Tactic Looping & Interleaving: Kỹ thuật thu thập thông tin nội bộ Discovery thường được lặp lại nhiều lần xen kẽ giữa các bước leo thang đặc quyền và chiếm đoạt thông tin xác thực; Ba là, cấu trúc phân nhánh tiến trình song song Parallel Branching: Kẻ tấn công có thể khởi tạo đồng thời nhiều luồng tiến trình con độc lập trên các tiến trình hợp lệ khác nhau nhằm phân tán sự theo dõi của hệ thống phòng thủ.",Inam2023ProvenanceSoK,SoK: History is a Vast Early Warning System: Auditing the Provenance of System Intrusions,SUPPORTED,"Chứng minh các chiến dịch APT mang bản chất phi tuyến tính sâu sắc: nhảy cóc giai đoạn, lặp vòng kỹ thuật và phân nhánh tiến trình song song.",Section III.B (APT Attack Patterns & Non-linearity),NONE
OCC-0022,p_125,"Tuy nhiên, trên thực tế vận hành và theo khung phân loại chuẩn hóa của ma trận tri thức an ninh MITRE ATT&CK  [6], các chiến dịch tấn công có chủ đích (APT) mang bản chất phi tuyến tính sâu sắc  [3]. Cần lưu ý rằng MITRE khuyến nghị ATT&CK không phải là một danh mục kiểm tra đầy đủ khép kín; từ ontology ATT&CK và các quan sát về đồ thị nguồn gốc hệ thống  [3], nghiên cứu tổng hợp ba cấu trúc phân tích đặc thù sau ; đây là cấu trúc phân loại do đề tài tự tổng hợp, không phải bảng phân loại chính thức của MITRE ATT&CK: Một là, cấu trúc nhảy cóc giai đoạn Step Skipping: Kẻ tấn công có thể khai thác trực tiếp lỗ hổng thực thi mã từ xa để trích xuất dữ liệu ra ngoài mà không cần thiết lập cơ chế duy trì hay di chuyển ngang; Hai là, cấu trúc lặp vòng kỹ thuật Tactic Looping & Interleaving: Kỹ thuật thu thập thông tin nội bộ Discovery thường được lặp lại nhiều lần xen kẽ giữa các bước leo thang đặc quyền và chiếm đoạt thông tin xác thực; Ba là, cấu trúc phân nhánh tiến trình song song Parallel Branching: Kẻ tấn công có thể khởi tạo đồng thời nhiều luồng tiến trình con độc lập trên các tiến trình hợp lệ khác nhau nhằm phân tán sự theo dõi của hệ thống phòng thủ.",Inam2023ProvenanceSoK,SoK: History is a Vast Early Warning System: Auditing the Provenance of System Intrusions,SUPPORTED,"Chứng minh các chiến dịch APT mang bản chất phi tuyến tính sâu sắc: nhảy cóc giai đoạn, lặp vòng kỹ thuật và phân nhánh tiến trình song song.",Section III.B (APT Attack Patterns & Non-linearity),NONE
OCC-0023,p_129,"Hình 1.2: Mô hình Không gian Bằng chứng Hành vi Đa chiều MITRE ATT&CK và các đặc trưng phi tuyến tính trong tấn công APT , nguồn tác giả tổng hợp dựa trên MITRE ATT&CK  [6] và Inam et al.  [3]",MITRE2026ATTCK,MITRE ATT&CK: Enterprise Tactics and Techniques Matrix (v19.1),SUPPORTED,"Ma trận ATT&CK thể hiện mối quan hệ phi tuyến tính giữa các kỹ thuật, cho phép một hành vi đồng thời kích hoạt nhiều nhãn chiến thuật/kỹ thuật.",Enterprise Matrix Architecture & Multi-label Mapping,NONE
OCC-0024,p_129,"Hình 1.2: Mô hình Không gian Bằng chứng Hành vi Đa chiều MITRE ATT&CK và các đặc trưng phi tuyến tính trong tấn công APT , nguồn tác giả tổng hợp dựa trên MITRE ATT&CK  [6] và Inam et al.  [3]",Inam2023ProvenanceSoK,SoK: History is a Vast Early Warning System: Auditing the Provenance of System Intrusions,SUPPORTED,"Chứng minh các chiến dịch APT mang bản chất phi tuyến tính sâu sắc: nhảy cóc giai đoạn, lặp vòng kỹ thuật và phân nhánh tiến trình song song.",Section III.B (APT Attack Patterns & Non-linearity),NONE
OCC-0025,p_130,"Trong đó mỗi chiến thuật Tactic đại diện cho mục tiêu chiến thuật của kẻ tấn công, trả lời câu hỏi “Tại sao”, và mỗi kỹ thuật Technique đại diện cho phương thức thực thi cụ thể, trả lời câu hỏi “Làm thế nào”; một chuỗi sự kiện hoặc cây tiến trình có thể đồng thời kích hoạt nhiều nhãn chiến thuật và kỹ thuật tại cùng một thời điểm quan sát  [6].",MITRE2026ATTCK,MITRE ATT&CK: Enterprise Tactics and Techniques Matrix (v19.1),SUPPORTED,Định nghĩa chiến thuật đại diện cho mục tiêu ('Tại sao') và kỹ thuật đại diện cho phương thức thực thi ('Làm thế nào').,Tactics and Techniques Definitions,NONE
OCC-0026,p_131,"Xét theo dữ liệu thực nghiệm, việc mô hình hóa hành vi tấn công đòi hỏi phải phân định chuẩn xác đặc tính gán nhãn và mức độ hạt của từng bộ dữ liệu chuẩn  [5]: Một là, bộ dữ liệu DARPA Transparent Computing Engagement #3 (TC E3, diễn ra tháng 4/2018)  [14] và Engagement #5 (TC E5)  [15] cung cấp dữ liệu kiểm toán hệ thống mức hạt nhân chi tiết, trong đó các kịch bản tấn công của đội Red Team được ghi nhận qua các báo cáo kịch bản (ground-truth reports/annotations), cho phép ánh xạ và suy diễn nhãn ở mức tiến trình và luồng phụ thuộc liên quan đến đợt tấn công, thay vì toàn bộ dữ liệu viễn trắc nền đều có nhãn sẵn ở mức hạt nhân; Hai là, bộ dữ liệu LANL Unified Host and Network Dataset  [16] phản ánh môi trường mạng doanh nghiệp quy mô lớn với hàng tỷ sự kiện xác thực và luồng mạng, trong đó nhãn mặt đất thực nghiệm được xác lập từ tệp redteam.txt ghi nhận các sự kiện xác thực bị xâm nhập cụ thể của đội Red Team theo mốc thời gian và tài khoản/máy chủ xác định; Ba là, bộ dữ liệu HDFS của Xu et al.  [17] và LogHub  [9] được gán nhãn bất thường theo vết thực thi ở mức khối dữ liệu  [17], phản ánh trạng thái bình thường hoặc bất thường của một phiên giao tác phân tán hoàn chỉnh; Bốn là, bộ dữ liệu BGL thuộc kho LogHub  [9] đại diện cho nhật ký siêu máy tính với nhãn bất thường được xác lập ở mức dòng log đơn lẻ  [9].",Liu2025DatasetQualityLogs,What We Talk About When We Talk About Logs: Understanding the Effects of Dataset Quality on Endpoint Threat Detection Research,SUPPORTED,"Khảo sát và định lượng các thách thức chất lượng dữ liệu log: tỷ lệ mất cân bằng cực đoan (<0.01% độc hại), nhiễu nền, tạo nhãn giả tạo trong môi trường lab và sự suy giảm hiệu năng do phân chia dữ liệu sai.","Section 1 (Challenges), Section 3 (Characterization & Imbalance), Section 4 (Data Quality Pitfalls), Table 2",NONE
OCC-0027,p_131,"Xét theo dữ liệu thực nghiệm, việc mô hình hóa hành vi tấn công đòi hỏi phải phân định chuẩn xác đặc tính gán nhãn và mức độ hạt của từng bộ dữ liệu chuẩn  [5]: Một là, bộ dữ liệu DARPA Transparent Computing Engagement #3 (TC E3, diễn ra tháng 4/2018)  [14] và Engagement #5 (TC E5)  [15] cung cấp dữ liệu kiểm toán hệ thống mức hạt nhân chi tiết, trong đó các kịch bản tấn công của đội Red Team được ghi nhận qua các báo cáo kịch bản (ground-truth reports/annotations), cho phép ánh xạ và suy diễn nhãn ở mức tiến trình và luồng phụ thuộc liên quan đến đợt tấn công, thay vì toàn bộ dữ liệu viễn trắc nền đều có nhãn sẵn ở mức hạt nhân; Hai là, bộ dữ liệu LANL Unified Host and Network Dataset  [16] phản ánh môi trường mạng doanh nghiệp quy mô lớn với hàng tỷ sự kiện xác thực và luồng mạng, trong đó nhãn mặt đất thực nghiệm được xác lập từ tệp redteam.txt ghi nhận các sự kiện xác thực bị xâm nhập cụ thể của đội Red Team theo mốc thời gian và tài khoản/máy chủ xác định; Ba là, bộ dữ liệu HDFS của Xu et al.  [17] và LogHub  [9] được gán nhãn bất thường theo vết thực thi ở mức khối dữ liệu  [17], phản ánh trạng thái bình thường hoặc bất thường của một phiên giao tác phân tán hoàn chỉnh; Bốn là, bộ dữ liệu BGL thuộc kho LogHub  [9] đại diện cho nhật ký siêu máy tính với nhãn bất thường được xác lập ở mức dòng log đơn lẻ  [9].",DARPA2018TCE3,Transparent Computing Engagement 3 Data Release,SUPPORTED,Cung cấp dữ liệu kiểm toán hệ thống mức hạt nhân chi tiết trong chiến dịch diễn tập DARPA TC E3; ghi nhận kịch bản tấn công của đội Red Team kèm báo cáo gán nhãn thực nghiệm phục vụ đối chuẩn PIDS.,"Engagement 3 Ground Truth Report, Section 2 (Kernel Auditing), Section 3 (Red Team Scenarios)",NONE
OCC-0028,p_131,"Xét theo dữ liệu thực nghiệm, việc mô hình hóa hành vi tấn công đòi hỏi phải phân định chuẩn xác đặc tính gán nhãn và mức độ hạt của từng bộ dữ liệu chuẩn  [5]: Một là, bộ dữ liệu DARPA Transparent Computing Engagement #3 (TC E3, diễn ra tháng 4/2018)  [14] và Engagement #5 (TC E5)  [15] cung cấp dữ liệu kiểm toán hệ thống mức hạt nhân chi tiết, trong đó các kịch bản tấn công của đội Red Team được ghi nhận qua các báo cáo kịch bản (ground-truth reports/annotations), cho phép ánh xạ và suy diễn nhãn ở mức tiến trình và luồng phụ thuộc liên quan đến đợt tấn công, thay vì toàn bộ dữ liệu viễn trắc nền đều có nhãn sẵn ở mức hạt nhân; Hai là, bộ dữ liệu LANL Unified Host and Network Dataset  [16] phản ánh môi trường mạng doanh nghiệp quy mô lớn với hàng tỷ sự kiện xác thực và luồng mạng, trong đó nhãn mặt đất thực nghiệm được xác lập từ tệp redteam.txt ghi nhận các sự kiện xác thực bị xâm nhập cụ thể của đội Red Team theo mốc thời gian và tài khoản/máy chủ xác định; Ba là, bộ dữ liệu HDFS của Xu et al.  [17] và LogHub  [9] được gán nhãn bất thường theo vết thực thi ở mức khối dữ liệu  [17], phản ánh trạng thái bình thường hoặc bất thường của một phiên giao tác phân tán hoàn chỉnh; Bốn là, bộ dữ liệu BGL thuộc kho LogHub  [9] đại diện cho nhật ký siêu máy tính với nhãn bất thường được xác lập ở mức dòng log đơn lẻ  [9].",DARPA2020TCE5,Transparent Computing Engagement 5 Data Release,SUPPORTED,Tài liệu chiến dịch diễn tập DARPA TC E5 cung cấp dữ liệu kiểm toán hệ thống mạng doanh nghiệp quy mô lớn và kịch bản tấn công APT đa giai đoạn phục vụ đối chuẩn các giải pháp phát hiện xâm nhập.,"Engagement 5 Final Report, Section 2 (Multi-Host Network Setup), Section 4 (Attack Scenarios)",NONE
OCC-0029,p_131,"Xét theo dữ liệu thực nghiệm, việc mô hình hóa hành vi tấn công đòi hỏi phải phân định chuẩn xác đặc tính gán nhãn và mức độ hạt của từng bộ dữ liệu chuẩn  [5]: Một là, bộ dữ liệu DARPA Transparent Computing Engagement #3 (TC E3, diễn ra tháng 4/2018)  [14] và Engagement #5 (TC E5)  [15] cung cấp dữ liệu kiểm toán hệ thống mức hạt nhân chi tiết, trong đó các kịch bản tấn công của đội Red Team được ghi nhận qua các báo cáo kịch bản (ground-truth reports/annotations), cho phép ánh xạ và suy diễn nhãn ở mức tiến trình và luồng phụ thuộc liên quan đến đợt tấn công, thay vì toàn bộ dữ liệu viễn trắc nền đều có nhãn sẵn ở mức hạt nhân; Hai là, bộ dữ liệu LANL Unified Host and Network Dataset  [16] phản ánh môi trường mạng doanh nghiệp quy mô lớn với hàng tỷ sự kiện xác thực và luồng mạng, trong đó nhãn mặt đất thực nghiệm được xác lập từ tệp redteam.txt ghi nhận các sự kiện xác thực bị xâm nhập cụ thể của đội Red Team theo mốc thời gian và tài khoản/máy chủ xác định; Ba là, bộ dữ liệu HDFS của Xu et al.  [17] và LogHub  [9] được gán nhãn bất thường theo vết thực thi ở mức khối dữ liệu  [17], phản ánh trạng thái bình thường hoặc bất thường của một phiên giao tác phân tán hoàn chỉnh; Bốn là, bộ dữ liệu BGL thuộc kho LogHub  [9] đại diện cho nhật ký siêu máy tính với nhãn bất thường được xác lập ở mức dòng log đơn lẻ  [9].",Kent2015LANL,"Comprehensive, Multi-Source Cyber-Security Events",SUPPORTED,"Bộ dữ liệu viễn trắc an ninh mạng doanh nghiệp quy mô lớn từ Phòng thí nghiệm Quốc gia Los Alamos (LANL): hơn 1.6 tỷ sự kiện xác thực, tiến trình và luồng mạng, kèm tập nhãn tấn công redteam.txt theo mốc thời gian và tài khoản.","Section 2 (Data Description: Auth, Process, Flow), Section 3 (Red Team Events & Ground Truth)",NONE
OCC-0030,p_131,"Xét theo dữ liệu thực nghiệm, việc mô hình hóa hành vi tấn công đòi hỏi phải phân định chuẩn xác đặc tính gán nhãn và mức độ hạt của từng bộ dữ liệu chuẩn  [5]: Một là, bộ dữ liệu DARPA Transparent Computing Engagement #3 (TC E3, diễn ra tháng 4/2018)  [14] và Engagement #5 (TC E5)  [15] cung cấp dữ liệu kiểm toán hệ thống mức hạt nhân chi tiết, trong đó các kịch bản tấn công của đội Red Team được ghi nhận qua các báo cáo kịch bản (ground-truth reports/annotations), cho phép ánh xạ và suy diễn nhãn ở mức tiến trình và luồng phụ thuộc liên quan đến đợt tấn công, thay vì toàn bộ dữ liệu viễn trắc nền đều có nhãn sẵn ở mức hạt nhân; Hai là, bộ dữ liệu LANL Unified Host and Network Dataset  [16] phản ánh môi trường mạng doanh nghiệp quy mô lớn với hàng tỷ sự kiện xác thực và luồng mạng, trong đó nhãn mặt đất thực nghiệm được xác lập từ tệp redteam.txt ghi nhận các sự kiện xác thực bị xâm nhập cụ thể của đội Red Team theo mốc thời gian và tài khoản/máy chủ xác định; Ba là, bộ dữ liệu HDFS của Xu et al.  [17] và LogHub  [9] được gán nhãn bất thường theo vết thực thi ở mức khối dữ liệu  [17], phản ánh trạng thái bình thường hoặc bất thường của một phiên giao tác phân tán hoàn chỉnh; Bốn là, bộ dữ liệu BGL thuộc kho LogHub  [9] đại diện cho nhật ký siêu máy tính với nhãn bất thường được xác lập ở mức dòng log đơn lẻ  [9].",Xu2009HDFS,Detecting Large-Scale System Problems by Mining Console Logs,SUPPORTED,"Công trình tiên phong áp dụng khai phá dữ liệu log hệ thống phân tán HDFS: phân tích cú pháp trích xuất Block ID, xây dựng ma trận đếm số lượng sự kiện theo khối và phát hiện bất thường bằng PCA phân rã không gian chuẩn và không gian phần dư.","Section 1, Section 3 (Log Parsing & Feature Extraction), Section 4 (PCA-based Detection), Figure 2",NONE
OCC-0031,p_131,"Xét theo dữ liệu thực nghiệm, việc mô hình hóa hành vi tấn công đòi hỏi phải phân định chuẩn xác đặc tính gán nhãn và mức độ hạt của từng bộ dữ liệu chuẩn  [5]: Một là, bộ dữ liệu DARPA Transparent Computing Engagement #3 (TC E3, diễn ra tháng 4/2018)  [14] và Engagement #5 (TC E5)  [15] cung cấp dữ liệu kiểm toán hệ thống mức hạt nhân chi tiết, trong đó các kịch bản tấn công của đội Red Team được ghi nhận qua các báo cáo kịch bản (ground-truth reports/annotations), cho phép ánh xạ và suy diễn nhãn ở mức tiến trình và luồng phụ thuộc liên quan đến đợt tấn công, thay vì toàn bộ dữ liệu viễn trắc nền đều có nhãn sẵn ở mức hạt nhân; Hai là, bộ dữ liệu LANL Unified Host and Network Dataset  [16] phản ánh môi trường mạng doanh nghiệp quy mô lớn với hàng tỷ sự kiện xác thực và luồng mạng, trong đó nhãn mặt đất thực nghiệm được xác lập từ tệp redteam.txt ghi nhận các sự kiện xác thực bị xâm nhập cụ thể của đội Red Team theo mốc thời gian và tài khoản/máy chủ xác định; Ba là, bộ dữ liệu HDFS của Xu et al.  [17] và LogHub  [9] được gán nhãn bất thường theo vết thực thi ở mức khối dữ liệu  [17], phản ánh trạng thái bình thường hoặc bất thường của một phiên giao tác phân tán hoàn chỉnh; Bốn là, bộ dữ liệu BGL thuộc kho LogHub  [9] đại diện cho nhật ký siêu máy tính với nhãn bất thường được xác lập ở mức dòng log đơn lẻ  [9].",Zhu2023Loghub,Loghub: A Large Collection of System Log Datasets for AI-driven Log Analytics,SUPPORTED,Mô tả tập dữ liệu HDFS với nhãn bất thường được xác lập theo vết thực thi mức khối dữ liệu (Block ID).,Section 2.1 & Table 1 (HDFS Dataset),NONE
OCC-0032,p_131,"Xét theo dữ liệu thực nghiệm, việc mô hình hóa hành vi tấn công đòi hỏi phải phân định chuẩn xác đặc tính gán nhãn và mức độ hạt của từng bộ dữ liệu chuẩn  [5]: Một là, bộ dữ liệu DARPA Transparent Computing Engagement #3 (TC E3, diễn ra tháng 4/2018)  [14] và Engagement #5 (TC E5)  [15] cung cấp dữ liệu kiểm toán hệ thống mức hạt nhân chi tiết, trong đó các kịch bản tấn công của đội Red Team được ghi nhận qua các báo cáo kịch bản (ground-truth reports/annotations), cho phép ánh xạ và suy diễn nhãn ở mức tiến trình và luồng phụ thuộc liên quan đến đợt tấn công, thay vì toàn bộ dữ liệu viễn trắc nền đều có nhãn sẵn ở mức hạt nhân; Hai là, bộ dữ liệu LANL Unified Host and Network Dataset  [16] phản ánh môi trường mạng doanh nghiệp quy mô lớn với hàng tỷ sự kiện xác thực và luồng mạng, trong đó nhãn mặt đất thực nghiệm được xác lập từ tệp redteam.txt ghi nhận các sự kiện xác thực bị xâm nhập cụ thể của đội Red Team theo mốc thời gian và tài khoản/máy chủ xác định; Ba là, bộ dữ liệu HDFS của Xu et al.  [17] và LogHub  [9] được gán nhãn bất thường theo vết thực thi ở mức khối dữ liệu  [17], phản ánh trạng thái bình thường hoặc bất thường của một phiên giao tác phân tán hoàn chỉnh; Bốn là, bộ dữ liệu BGL thuộc kho LogHub  [9] đại diện cho nhật ký siêu máy tính với nhãn bất thường được xác lập ở mức dòng log đơn lẻ  [9].",Xu2009HDFS,Detecting Large-Scale System Problems by Mining Console Logs,SUPPORTED,"Công trình tiên phong áp dụng khai phá dữ liệu log hệ thống phân tán HDFS: phân tích cú pháp trích xuất Block ID, xây dựng ma trận đếm số lượng sự kiện theo khối và phát hiện bất thường bằng PCA phân rã không gian chuẩn và không gian phần dư.","Section 1, Section 3 (Log Parsing & Feature Extraction), Section 4 (PCA-based Detection), Figure 2",NONE
OCC-0033,p_131,"Xét theo dữ liệu thực nghiệm, việc mô hình hóa hành vi tấn công đòi hỏi phải phân định chuẩn xác đặc tính gán nhãn và mức độ hạt của từng bộ dữ liệu chuẩn  [5]: Một là, bộ dữ liệu DARPA Transparent Computing Engagement #3 (TC E3, diễn ra tháng 4/2018)  [14] và Engagement #5 (TC E5)  [15] cung cấp dữ liệu kiểm toán hệ thống mức hạt nhân chi tiết, trong đó các kịch bản tấn công của đội Red Team được ghi nhận qua các báo cáo kịch bản (ground-truth reports/annotations), cho phép ánh xạ và suy diễn nhãn ở mức tiến trình và luồng phụ thuộc liên quan đến đợt tấn công, thay vì toàn bộ dữ liệu viễn trắc nền đều có nhãn sẵn ở mức hạt nhân; Hai là, bộ dữ liệu LANL Unified Host and Network Dataset  [16] phản ánh môi trường mạng doanh nghiệp quy mô lớn với hàng tỷ sự kiện xác thực và luồng mạng, trong đó nhãn mặt đất thực nghiệm được xác lập từ tệp redteam.txt ghi nhận các sự kiện xác thực bị xâm nhập cụ thể của đội Red Team theo mốc thời gian và tài khoản/máy chủ xác định; Ba là, bộ dữ liệu HDFS của Xu et al.  [17] và LogHub  [9] được gán nhãn bất thường theo vết thực thi ở mức khối dữ liệu  [17], phản ánh trạng thái bình thường hoặc bất thường của một phiên giao tác phân tán hoàn chỉnh; Bốn là, bộ dữ liệu BGL thuộc kho LogHub  [9] đại diện cho nhật ký siêu máy tính với nhãn bất thường được xác lập ở mức dòng log đơn lẻ  [9].",Zhu2023Loghub,Loghub: A Large Collection of System Log Datasets for AI-driven Log Analytics,SUPPORTED,Mô tả tập dữ liệu HDFS với nhãn bất thường được xác lập theo vết thực thi mức khối dữ liệu (Block ID).,Section 2.1 & Table 1 (HDFS Dataset),NONE
OCC-0034,p_131,"Xét theo dữ liệu thực nghiệm, việc mô hình hóa hành vi tấn công đòi hỏi phải phân định chuẩn xác đặc tính gán nhãn và mức độ hạt của từng bộ dữ liệu chuẩn  [5]: Một là, bộ dữ liệu DARPA Transparent Computing Engagement #3 (TC E3, diễn ra tháng 4/2018)  [14] và Engagement #5 (TC E5)  [15] cung cấp dữ liệu kiểm toán hệ thống mức hạt nhân chi tiết, trong đó các kịch bản tấn công của đội Red Team được ghi nhận qua các báo cáo kịch bản (ground-truth reports/annotations), cho phép ánh xạ và suy diễn nhãn ở mức tiến trình và luồng phụ thuộc liên quan đến đợt tấn công, thay vì toàn bộ dữ liệu viễn trắc nền đều có nhãn sẵn ở mức hạt nhân; Hai là, bộ dữ liệu LANL Unified Host and Network Dataset  [16] phản ánh môi trường mạng doanh nghiệp quy mô lớn với hàng tỷ sự kiện xác thực và luồng mạng, trong đó nhãn mặt đất thực nghiệm được xác lập từ tệp redteam.txt ghi nhận các sự kiện xác thực bị xâm nhập cụ thể của đội Red Team theo mốc thời gian và tài khoản/máy chủ xác định; Ba là, bộ dữ liệu HDFS của Xu et al.  [17] và LogHub  [9] được gán nhãn bất thường theo vết thực thi ở mức khối dữ liệu  [17], phản ánh trạng thái bình thường hoặc bất thường của một phiên giao tác phân tán hoàn chỉnh; Bốn là, bộ dữ liệu BGL thuộc kho LogHub  [9] đại diện cho nhật ký siêu máy tính với nhãn bất thường được xác lập ở mức dòng log đơn lẻ  [9].",Zhu2023Loghub,Loghub: A Large Collection of System Log Datasets for AI-driven Log Analytics,SUPPORTED,Mô tả tập dữ liệu HDFS với nhãn bất thường được xác lập theo vết thực thi mức khối dữ liệu (Block ID).,Section 2.1 & Table 1 (HDFS Dataset),NONE
OCC-0035,p_139,"Ba là, nhóm Điều kiện Triệt tiêu EXCLUDE: Tập hợp các thông tin giả tạo và biến số ngoài miền bắt buộc phải bị loại bỏ khỏi không gian vector z nhằm ngăn ngừa rủi ro học đường tắt  [10]. Bao gồm các mẫu định dạng đặc thù của môi trường thử nghiệm lab, các biến số gây rò rỉ phân vùng và dấu thời gian tuyệt đối của máy thử nghiệm  [10], cùng các tương quan ngẫu nhiên có thể khiến mô hình đạt điểm số ảo trên tập kiểm thử nhưng suy giảm năng lực khi vận hành thực tế.",Arp2022DosDonts,Dos and Don'ts of Machine Learning in Computer Security,SUPPORTED,"Bài báo tổng kết kinh điển tại USENIX Security 2022 về 10 cạm bẫy phương pháp luận trong ML an ninh mạng: rò rỉ phân vùng (snooping), tương quan giả, trôi dạt phân phối, và yêu cầu đánh giá đóng băng tham số (Frozen Linear Probing).","Section 2 (Pitfalls), Section 3 (P1: Sampling Bias, P2: Snooping), Section 4 (P4: Lab vs Real-world & Drift), Table 1",NONE
OCC-0036,p_139,"Ba là, nhóm Điều kiện Triệt tiêu EXCLUDE: Tập hợp các thông tin giả tạo và biến số ngoài miền bắt buộc phải bị loại bỏ khỏi không gian vector z nhằm ngăn ngừa rủi ro học đường tắt  [10]. Bao gồm các mẫu định dạng đặc thù của môi trường thử nghiệm lab, các biến số gây rò rỉ phân vùng và dấu thời gian tuyệt đối của máy thử nghiệm  [10], cùng các tương quan ngẫu nhiên có thể khiến mô hình đạt điểm số ảo trên tập kiểm thử nhưng suy giảm năng lực khi vận hành thực tế.",Arp2022DosDonts,Dos and Don'ts of Machine Learning in Computer Security,SUPPORTED,"Bài báo tổng kết kinh điển tại USENIX Security 2022 về 10 cạm bẫy phương pháp luận trong ML an ninh mạng: rò rỉ phân vùng (snooping), tương quan giả, trôi dạt phân phối, và yêu cầu đánh giá đóng băng tham số (Frozen Linear Probing).","Section 2 (Pitfalls), Section 3 (P1: Sampling Bias, P2: Snooping), Section 4 (P4: Lab vs Real-world & Drift), Table 1",NONE
OCC-0037,p_143,"Nguyên tắc PRESERVE tập trung vào việc bảo toàn ngữ nghĩa an ninh động chứ không đồng nghĩa với việc giữ lại toàn bộ định danh thô của người dùng hay máy chủ. Về mặt bảo vệ quyền riêng tư, chuyên đề phân định rạch ròi bốn cấp độ an toàn thông tin và không đồng nhất khả năng phòng thủ giữa các cấp độ này: Một là, cơ chế giả danh hóa ẩn danh hóa thông qua việc ánh xạ các định danh nhạy cảm như tên người dùng, địa chỉ IP và tên máy chủ sang không gian mã băm hoặc chỉ số trừu tượng nhằm kiểm soát khả năng liên kết dữ liệu; Hai là,đề xuất quy trình đánh giá rủi ro trước tấn công suy luận thành viên (Membership Inference Attack – MIA)  [18], được định vị là phép kiểm tra hạ nguồn nhằm đánh giá khả năng đối nghịch xác định một bản ghi nhật ký cụ thể có thuộc tập huấn luyện hay không; Ba là,đề xuất quy trình đánh giá rủi ro trước tấn công đảo ngược mô hình Model Inversion Attack  [19], cũng được định vị là phép kiểm tra hạ nguồn nhằm đánh giá nguy cơ khôi phục thông tin cấu hình từ vector biểu diễn tiềm ẩn; Bốn là,định hướng khung bảo đảm toán học về quyền riêng tư vi sai (Differential Privacy – DP) theo hướng dẫn chuẩn mực của NIST SP 800-226  [20]. Cần khẳng định rằng vector biểu diễn tiềm ẩn không tự động an toàn về quyền riêng tư nếu không có cơ chế chứng minh toán học tường minh; các quy trình kiểm thử tấn công MIA hay Model Inversion được định vị là phép kiểm tra hạ nguồn độc lập và chưa được thực thi trong phạm vi thực nghiệm hiện tại của chuyên đề  [18],  [19], kết hợp khung lý thuyết DP định hướng lượng hóa độ mất mát quyền riêng tư  [20]. Tương tự, nguyên tắc EXCLUDE thiết lập các ràng buộc phủ định đối với các giả định đường tắt đã biết và các biến số gây rò rỉ phân vùng  [10], thay vì giả định rằng mọi đường tắt đều có thể nhận biết trước khi thực nghiệm.",Shokri2017MembershipInference,Membership Inference Attacks Against Machine Learning Models,SUPPORTED,Công trình đặt nền móng cho tấn công suy luận thành viên (Membership Inference Attack - MIA): sử dụng mô hình bóng (shadow models) để suy đoán một mẫu dữ liệu có thuộc tập huấn luyện hay không từ phân phối đầu ra/vector tiềm ẩn.,"Section I, Section III (Attack Methodology & Shadow Models), Section V (Evaluation & Privacy Risks)",NONE
OCC-0038,p_143,"Nguyên tắc PRESERVE tập trung vào việc bảo toàn ngữ nghĩa an ninh động chứ không đồng nghĩa với việc giữ lại toàn bộ định danh thô của người dùng hay máy chủ. Về mặt bảo vệ quyền riêng tư, chuyên đề phân định rạch ròi bốn cấp độ an toàn thông tin và không đồng nhất khả năng phòng thủ giữa các cấp độ này: Một là, cơ chế giả danh hóa ẩn danh hóa thông qua việc ánh xạ các định danh nhạy cảm như tên người dùng, địa chỉ IP và tên máy chủ sang không gian mã băm hoặc chỉ số trừu tượng nhằm kiểm soát khả năng liên kết dữ liệu; Hai là,đề xuất quy trình đánh giá rủi ro trước tấn công suy luận thành viên (Membership Inference Attack – MIA)  [18], được định vị là phép kiểm tra hạ nguồn nhằm đánh giá khả năng đối nghịch xác định một bản ghi nhật ký cụ thể có thuộc tập huấn luyện hay không; Ba là,đề xuất quy trình đánh giá rủi ro trước tấn công đảo ngược mô hình Model Inversion Attack  [19], cũng được định vị là phép kiểm tra hạ nguồn nhằm đánh giá nguy cơ khôi phục thông tin cấu hình từ vector biểu diễn tiềm ẩn; Bốn là,định hướng khung bảo đảm toán học về quyền riêng tư vi sai (Differential Privacy – DP) theo hướng dẫn chuẩn mực của NIST SP 800-226  [20]. Cần khẳng định rằng vector biểu diễn tiềm ẩn không tự động an toàn về quyền riêng tư nếu không có cơ chế chứng minh toán học tường minh; các quy trình kiểm thử tấn công MIA hay Model Inversion được định vị là phép kiểm tra hạ nguồn độc lập và chưa được thực thi trong phạm vi thực nghiệm hiện tại của chuyên đề  [18],  [19], kết hợp khung lý thuyết DP định hướng lượng hóa độ mất mát quyền riêng tư  [20]. Tương tự, nguyên tắc EXCLUDE thiết lập các ràng buộc phủ định đối với các giả định đường tắt đã biết và các biến số gây rò rỉ phân vùng  [10], thay vì giả định rằng mọi đường tắt đều có thể nhận biết trước khi thực nghiệm.",Fredrikson2015ModelInversion,Model Inversion Attacks that Exploit Confidence Information and Basic Countermeasures,SUPPORTED,Công trình kinh điển chứng minh tính khả thi của tấn công nghịch đảo mô hình (Model Inversion Attack): tái dựng các thuộc tính nhạy cảm và thông tin định danh cá nhân (PII) từ vector biểu diễn hoặc điểm số đầu ra của mô hình.,"Section 1, Section 3 (Model Inversion Algorithm), Section 5 (Empirical Evaluation)",NONE
OCC-0039,p_143,"Nguyên tắc PRESERVE tập trung vào việc bảo toàn ngữ nghĩa an ninh động chứ không đồng nghĩa với việc giữ lại toàn bộ định danh thô của người dùng hay máy chủ. Về mặt bảo vệ quyền riêng tư, chuyên đề phân định rạch ròi bốn cấp độ an toàn thông tin và không đồng nhất khả năng phòng thủ giữa các cấp độ này: Một là, cơ chế giả danh hóa ẩn danh hóa thông qua việc ánh xạ các định danh nhạy cảm như tên người dùng, địa chỉ IP và tên máy chủ sang không gian mã băm hoặc chỉ số trừu tượng nhằm kiểm soát khả năng liên kết dữ liệu; Hai là,đề xuất quy trình đánh giá rủi ro trước tấn công suy luận thành viên (Membership Inference Attack – MIA)  [18], được định vị là phép kiểm tra hạ nguồn nhằm đánh giá khả năng đối nghịch xác định một bản ghi nhật ký cụ thể có thuộc tập huấn luyện hay không; Ba là,đề xuất quy trình đánh giá rủi ro trước tấn công đảo ngược mô hình Model Inversion Attack  [19], cũng được định vị là phép kiểm tra hạ nguồn nhằm đánh giá nguy cơ khôi phục thông tin cấu hình từ vector biểu diễn tiềm ẩn; Bốn là,định hướng khung bảo đảm toán học về quyền riêng tư vi sai (Differential Privacy – DP) theo hướng dẫn chuẩn mực của NIST SP 800-226  [20]. Cần khẳng định rằng vector biểu diễn tiềm ẩn không tự động an toàn về quyền riêng tư nếu không có cơ chế chứng minh toán học tường minh; các quy trình kiểm thử tấn công MIA hay Model Inversion được định vị là phép kiểm tra hạ nguồn độc lập và chưa được thực thi trong phạm vi thực nghiệm hiện tại của chuyên đề  [18],  [19], kết hợp khung lý thuyết DP định hướng lượng hóa độ mất mát quyền riêng tư  [20]. Tương tự, nguyên tắc EXCLUDE thiết lập các ràng buộc phủ định đối với các giả định đường tắt đã biết và các biến số gây rò rỉ phân vùng  [10], thay vì giả định rằng mọi đường tắt đều có thể nhận biết trước khi thực nghiệm.",NIST2025SP800226,Guidelines for Evaluating Differential Privacy Guarantees (NIST SP 800-226),SUPPORTED,"Tài liệu hướng dẫn chính thức của Viện Tiêu chuẩn và Công nghệ Quốc gia Hoa Kỳ (NIST) về đánh giá và định lượng các bảo đảm toán học của quyền riêng tư vi sai (Differential Privacy - DP), ngân sách quyền riêng tư epsilon và delta.","Section 2 (Fundamentals of Differential Privacy), Section 3 (Evaluating Guarantees), Section 4 (Privacy Auditing)",NONE
OCC-0040,p_143,"Nguyên tắc PRESERVE tập trung vào việc bảo toàn ngữ nghĩa an ninh động chứ không đồng nghĩa với việc giữ lại toàn bộ định danh thô của người dùng hay máy chủ. Về mặt bảo vệ quyền riêng tư, chuyên đề phân định rạch ròi bốn cấp độ an toàn thông tin và không đồng nhất khả năng phòng thủ giữa các cấp độ này: Một là, cơ chế giả danh hóa ẩn danh hóa thông qua việc ánh xạ các định danh nhạy cảm như tên người dùng, địa chỉ IP và tên máy chủ sang không gian mã băm hoặc chỉ số trừu tượng nhằm kiểm soát khả năng liên kết dữ liệu; Hai là,đề xuất quy trình đánh giá rủi ro trước tấn công suy luận thành viên (Membership Inference Attack – MIA)  [18], được định vị là phép kiểm tra hạ nguồn nhằm đánh giá khả năng đối nghịch xác định một bản ghi nhật ký cụ thể có thuộc tập huấn luyện hay không; Ba là,đề xuất quy trình đánh giá rủi ro trước tấn công đảo ngược mô hình Model Inversion Attack  [19], cũng được định vị là phép kiểm tra hạ nguồn nhằm đánh giá nguy cơ khôi phục thông tin cấu hình từ vector biểu diễn tiềm ẩn; Bốn là,định hướng khung bảo đảm toán học về quyền riêng tư vi sai (Differential Privacy – DP) theo hướng dẫn chuẩn mực của NIST SP 800-226  [20]. Cần khẳng định rằng vector biểu diễn tiềm ẩn không tự động an toàn về quyền riêng tư nếu không có cơ chế chứng minh toán học tường minh; các quy trình kiểm thử tấn công MIA hay Model Inversion được định vị là phép kiểm tra hạ nguồn độc lập và chưa được thực thi trong phạm vi thực nghiệm hiện tại của chuyên đề  [18],  [19], kết hợp khung lý thuyết DP định hướng lượng hóa độ mất mát quyền riêng tư  [20]. Tương tự, nguyên tắc EXCLUDE thiết lập các ràng buộc phủ định đối với các giả định đường tắt đã biết và các biến số gây rò rỉ phân vùng  [10], thay vì giả định rằng mọi đường tắt đều có thể nhận biết trước khi thực nghiệm.",Shokri2017MembershipInference,Membership Inference Attacks Against Machine Learning Models,SUPPORTED,Công trình đặt nền móng cho tấn công suy luận thành viên (Membership Inference Attack - MIA): sử dụng mô hình bóng (shadow models) để suy đoán một mẫu dữ liệu có thuộc tập huấn luyện hay không từ phân phối đầu ra/vector tiềm ẩn.,"Section I, Section III (Attack Methodology & Shadow Models), Section V (Evaluation & Privacy Risks)",NONE
OCC-0041,p_143,"Nguyên tắc PRESERVE tập trung vào việc bảo toàn ngữ nghĩa an ninh động chứ không đồng nghĩa với việc giữ lại toàn bộ định danh thô của người dùng hay máy chủ. Về mặt bảo vệ quyền riêng tư, chuyên đề phân định rạch ròi bốn cấp độ an toàn thông tin và không đồng nhất khả năng phòng thủ giữa các cấp độ này: Một là, cơ chế giả danh hóa ẩn danh hóa thông qua việc ánh xạ các định danh nhạy cảm như tên người dùng, địa chỉ IP và tên máy chủ sang không gian mã băm hoặc chỉ số trừu tượng nhằm kiểm soát khả năng liên kết dữ liệu; Hai là,đề xuất quy trình đánh giá rủi ro trước tấn công suy luận thành viên (Membership Inference Attack – MIA)  [18], được định vị là phép kiểm tra hạ nguồn nhằm đánh giá khả năng đối nghịch xác định một bản ghi nhật ký cụ thể có thuộc tập huấn luyện hay không; Ba là,đề xuất quy trình đánh giá rủi ro trước tấn công đảo ngược mô hình Model Inversion Attack  [19], cũng được định vị là phép kiểm tra hạ nguồn nhằm đánh giá nguy cơ khôi phục thông tin cấu hình từ vector biểu diễn tiềm ẩn; Bốn là,định hướng khung bảo đảm toán học về quyền riêng tư vi sai (Differential Privacy – DP) theo hướng dẫn chuẩn mực của NIST SP 800-226  [20]. Cần khẳng định rằng vector biểu diễn tiềm ẩn không tự động an toàn về quyền riêng tư nếu không có cơ chế chứng minh toán học tường minh; các quy trình kiểm thử tấn công MIA hay Model Inversion được định vị là phép kiểm tra hạ nguồn độc lập và chưa được thực thi trong phạm vi thực nghiệm hiện tại của chuyên đề  [18],  [19], kết hợp khung lý thuyết DP định hướng lượng hóa độ mất mát quyền riêng tư  [20]. Tương tự, nguyên tắc EXCLUDE thiết lập các ràng buộc phủ định đối với các giả định đường tắt đã biết và các biến số gây rò rỉ phân vùng  [10], thay vì giả định rằng mọi đường tắt đều có thể nhận biết trước khi thực nghiệm.",Fredrikson2015ModelInversion,Model Inversion Attacks that Exploit Confidence Information and Basic Countermeasures,SUPPORTED,Công trình kinh điển chứng minh tính khả thi của tấn công nghịch đảo mô hình (Model Inversion Attack): tái dựng các thuộc tính nhạy cảm và thông tin định danh cá nhân (PII) từ vector biểu diễn hoặc điểm số đầu ra của mô hình.,"Section 1, Section 3 (Model Inversion Algorithm), Section 5 (Empirical Evaluation)",NONE
OCC-0042,p_143,"Nguyên tắc PRESERVE tập trung vào việc bảo toàn ngữ nghĩa an ninh động chứ không đồng nghĩa với việc giữ lại toàn bộ định danh thô của người dùng hay máy chủ. Về mặt bảo vệ quyền riêng tư, chuyên đề phân định rạch ròi bốn cấp độ an toàn thông tin và không đồng nhất khả năng phòng thủ giữa các cấp độ này: Một là, cơ chế giả danh hóa ẩn danh hóa thông qua việc ánh xạ các định danh nhạy cảm như tên người dùng, địa chỉ IP và tên máy chủ sang không gian mã băm hoặc chỉ số trừu tượng nhằm kiểm soát khả năng liên kết dữ liệu; Hai là,đề xuất quy trình đánh giá rủi ro trước tấn công suy luận thành viên (Membership Inference Attack – MIA)  [18], được định vị là phép kiểm tra hạ nguồn nhằm đánh giá khả năng đối nghịch xác định một bản ghi nhật ký cụ thể có thuộc tập huấn luyện hay không; Ba là,đề xuất quy trình đánh giá rủi ro trước tấn công đảo ngược mô hình Model Inversion Attack  [19], cũng được định vị là phép kiểm tra hạ nguồn nhằm đánh giá nguy cơ khôi phục thông tin cấu hình từ vector biểu diễn tiềm ẩn; Bốn là,định hướng khung bảo đảm toán học về quyền riêng tư vi sai (Differential Privacy – DP) theo hướng dẫn chuẩn mực của NIST SP 800-226  [20]. Cần khẳng định rằng vector biểu diễn tiềm ẩn không tự động an toàn về quyền riêng tư nếu không có cơ chế chứng minh toán học tường minh; các quy trình kiểm thử tấn công MIA hay Model Inversion được định vị là phép kiểm tra hạ nguồn độc lập và chưa được thực thi trong phạm vi thực nghiệm hiện tại của chuyên đề  [18],  [19], kết hợp khung lý thuyết DP định hướng lượng hóa độ mất mát quyền riêng tư  [20]. Tương tự, nguyên tắc EXCLUDE thiết lập các ràng buộc phủ định đối với các giả định đường tắt đã biết và các biến số gây rò rỉ phân vùng  [10], thay vì giả định rằng mọi đường tắt đều có thể nhận biết trước khi thực nghiệm.",NIST2025SP800226,Guidelines for Evaluating Differential Privacy Guarantees (NIST SP 800-226),SUPPORTED,"Tài liệu hướng dẫn chính thức của Viện Tiêu chuẩn và Công nghệ Quốc gia Hoa Kỳ (NIST) về đánh giá và định lượng các bảo đảm toán học của quyền riêng tư vi sai (Differential Privacy - DP), ngân sách quyền riêng tư epsilon và delta.","Section 2 (Fundamentals of Differential Privacy), Section 3 (Evaluating Guarantees), Section 4 (Privacy Auditing)",NONE
OCC-0043,p_143,"Nguyên tắc PRESERVE tập trung vào việc bảo toàn ngữ nghĩa an ninh động chứ không đồng nghĩa với việc giữ lại toàn bộ định danh thô của người dùng hay máy chủ. Về mặt bảo vệ quyền riêng tư, chuyên đề phân định rạch ròi bốn cấp độ an toàn thông tin và không đồng nhất khả năng phòng thủ giữa các cấp độ này: Một là, cơ chế giả danh hóa ẩn danh hóa thông qua việc ánh xạ các định danh nhạy cảm như tên người dùng, địa chỉ IP và tên máy chủ sang không gian mã băm hoặc chỉ số trừu tượng nhằm kiểm soát khả năng liên kết dữ liệu; Hai là,đề xuất quy trình đánh giá rủi ro trước tấn công suy luận thành viên (Membership Inference Attack – MIA)  [18], được định vị là phép kiểm tra hạ nguồn nhằm đánh giá khả năng đối nghịch xác định một bản ghi nhật ký cụ thể có thuộc tập huấn luyện hay không; Ba là,đề xuất quy trình đánh giá rủi ro trước tấn công đảo ngược mô hình Model Inversion Attack  [19], cũng được định vị là phép kiểm tra hạ nguồn nhằm đánh giá nguy cơ khôi phục thông tin cấu hình từ vector biểu diễn tiềm ẩn; Bốn là,định hướng khung bảo đảm toán học về quyền riêng tư vi sai (Differential Privacy – DP) theo hướng dẫn chuẩn mực của NIST SP 800-226  [20]. Cần khẳng định rằng vector biểu diễn tiềm ẩn không tự động an toàn về quyền riêng tư nếu không có cơ chế chứng minh toán học tường minh; các quy trình kiểm thử tấn công MIA hay Model Inversion được định vị là phép kiểm tra hạ nguồn độc lập và chưa được thực thi trong phạm vi thực nghiệm hiện tại của chuyên đề  [18],  [19], kết hợp khung lý thuyết DP định hướng lượng hóa độ mất mát quyền riêng tư  [20]. Tương tự, nguyên tắc EXCLUDE thiết lập các ràng buộc phủ định đối với các giả định đường tắt đã biết và các biến số gây rò rỉ phân vùng  [10], thay vì giả định rằng mọi đường tắt đều có thể nhận biết trước khi thực nghiệm.",Arp2022DosDonts,Dos and Don'ts of Machine Learning in Computer Security,SUPPORTED,"Bài báo tổng kết kinh điển tại USENIX Security 2022 về 10 cạm bẫy phương pháp luận trong ML an ninh mạng: rò rỉ phân vùng (snooping), tương quan giả, trôi dạt phân phối, và yêu cầu đánh giá đóng băng tham số (Frozen Linear Probing).","Section 2 (Pitfalls), Section 3 (P1: Sampling Bias, P2: Snooping), Section 4 (P4: Lab vs Real-world & Drift), Table 1",NONE
OCC-0044,p_148,"Tầng 2 học không gian biểu diễn tự giám sát: Thiết lập kiến trúc bộ mã hóa  cùng các đầu chiếu phụ trợ để chuyển đổi chuỗi sự kiện và đồ thị nguồn gốc sang không gian vector tiềm ẩn. Các hàm mất mát tự giám sát như dự đoán tham số bị che, dự đoán sự kiện tiếp theo, dự đoán quan hệ đồ thị và căn chỉnh thời gian đóng vai trò là các mục tiêu tối ưu hóa hình thức nhằm định hướng không gian vector z lưu giữ tín hiệu phục vụ các ràng buộc PRESERVE và INVARIANT; các hàm mục tiêu này là công cụ tối ưu hóa hình thức chứ không cấu thành bằng chứng trực tiếp chứng minh mô hình đã tự động hiểu bản chất an ninh hay nhân quả, và chất lượng biểu diễn bắt buộc phải được đánh giá qua các tác vụ hạ nguồn  [12].",Bardes2022VICReg,VICReg: Variance-Invariance-Covariance Regularization for Self-Supervised Learning,SUPPORTED,"Đề xuất phương pháp học tự giám sát VICReg dựa trên ba thành phần điều hòa: hàm mất mát phương sai dạng bản lề (ngăn chặn sụp đổ biểu diễn), hàm mất mát hiệp phương sai (giảm dư thừa thông tin), và hàm mất mát bất biến (gióng hàng đa góc nhìn).","Abstract, Section 2 (Method: Variance, Invariance, Covariance), Section 3, Table 1",NONE
OCC-0045,p_149,Tầng 3 thực hiện đánh giá phát hiện hạ nguồn: Đánh giá chất lượng của vector biểu diễn z thông qua giao thức đóng băng bộ mã hóa và huấn luyện bộ phân loại tuyến tính (Frozen Linear Probing theo chuẩn mực SimCLR  [21]):,Chen2020SimCLR,A Simple Framework for Contrastive Learning of Visual Representations,SUPPORTED,"Đề xuất khung học tương phản SimCLR: tối ưu hóa hàm mất mát InfoNCE với tham số nhiệt độ tau, phân tách không gian đặc trưng biểu diễn và không gian chiếu thông qua đầu chiếu phi tuyến, và giao thức đánh giá đóng băng tham số.","Abstract, Section 2 (Methodology & InfoNCE Loss), Section 3 (Projection Head), Section 4.1 (Linear Evaluation)",NONE
OCC-0046,p_151,"Trong đó tham số  của bộ mã hóa Tầng 2 được giữ cố định hoàn toàn trong suốt quá trình đánh giá ở Tầng 3, chỉ có các tham số của bộ phân loại tuyến tính được huấn luyện để đo lường khả năng truy xuất tuyến tính của thông tin an ninh trong vector z. Giao thức đánh giá tuyến tính đóng băng (frozen linear probe) giữ bộ mã hóa cố định và chỉ huấn luyện một ánh xạ tuyến tính trên vector z, vì vậy phép đo cho biết lượng thông tin phục vụ tác vụ hạ nguồn có thể được truy xuất bằng một bộ phân loại tuyến tính mà không cho phép detector học lại biểu diễn, dù phương pháp này không đo lường toàn bộ thông tin phi tuyến có thể tồn tại trong z  [10],  [21].",Arp2022DosDonts,Dos and Don'ts of Machine Learning in Computer Security,SUPPORTED,Khuyến nghị giao thức đóng băng bộ trích xuất đặc trưng (Frozen Linear Probing) để kiểm chứng độc lập năng lực biểu diễn trước khi đưa vào bộ phân loại.,Section 5 (Methodological Recommendations & Independent Probing),NONE
OCC-0047,p_151,"Trong đó tham số  của bộ mã hóa Tầng 2 được giữ cố định hoàn toàn trong suốt quá trình đánh giá ở Tầng 3, chỉ có các tham số của bộ phân loại tuyến tính được huấn luyện để đo lường khả năng truy xuất tuyến tính của thông tin an ninh trong vector z. Giao thức đánh giá tuyến tính đóng băng (frozen linear probe) giữ bộ mã hóa cố định và chỉ huấn luyện một ánh xạ tuyến tính trên vector z, vì vậy phép đo cho biết lượng thông tin phục vụ tác vụ hạ nguồn có thể được truy xuất bằng một bộ phân loại tuyến tính mà không cho phép detector học lại biểu diễn, dù phương pháp này không đo lường toàn bộ thông tin phi tuyến có thể tồn tại trong z  [10],  [21].",Chen2020SimCLR,A Simple Framework for Contrastive Learning of Visual Representations,SUPPORTED,"Đề xuất khung học tương phản SimCLR: tối ưu hóa hàm mất mát InfoNCE với tham số nhiệt độ tau, phân tách không gian đặc trưng biểu diễn và không gian chiếu thông qua đầu chiếu phi tuyến, và giao thức đánh giá đóng băng tham số.","Abstract, Section 2 (Methodology & InfoNCE Loss), Section 3 (Projection Head), Section 4.1 (Linear Evaluation)",NONE
OCC-0048,p_153,"Phục vụ việc định vị chính xác các đóng góp kỹ thuật và cơ sở lý luận của chuyên đề, Mục 1.2 tiến hành khảo cứu, phân loại và phân tích đa chiều ba nhóm phương pháp biểu diễn đặc trưng log chủ đạo trong y văn hiện đại, bao gồm: nhóm phương pháp thống kê và cú pháp dựa trên mẫu log  [1]; nhóm phương pháp biểu diễn ngữ nghĩa chuỗi thời gian  [3]; cùng nhóm phương pháp học biểu diễn đồ thị nguồn gốc  [7]. Mỗi nhóm phương pháp được mổ xẻ tường minh về cơ chế toán học, độ phức tạp thuật toán, ưu điểm cốt lõi và các rào cản nền tảng khi triển khai trong môi trường phát hiện tấn công thực tế.",Zhu2019LogParsing,Tools and Benchmarks for Automated Log Parsing,SUPPORTED,"Cung cấp khung đối chuẩn thực nghiệm và đánh giá toàn diện các thuật toán phân tích cú pháp log (Drain, Spell, AEL, LenMa, IPLoM,...), xác lập đặc tính kỹ thuật, độ chính xác và độ phức tạp tính toán O(N).","Section III (Log Parsers), Section IV (Evaluation), Table II, Table III",NONE (SUPPORTED - Cites Zhu2019 alongside Inam2023 and Zipperle2022 to introduce modern log representation taxonomy; aligned with builder)
OCC-0049,p_153,"Phục vụ việc định vị chính xác các đóng góp kỹ thuật và cơ sở lý luận của chuyên đề, Mục 1.2 tiến hành khảo cứu, phân loại và phân tích đa chiều ba nhóm phương pháp biểu diễn đặc trưng log chủ đạo trong y văn hiện đại, bao gồm: nhóm phương pháp thống kê và cú pháp dựa trên mẫu log  [1]; nhóm phương pháp biểu diễn ngữ nghĩa chuỗi thời gian  [3]; cùng nhóm phương pháp học biểu diễn đồ thị nguồn gốc  [7]. Mỗi nhóm phương pháp được mổ xẻ tường minh về cơ chế toán học, độ phức tạp thuật toán, ưu điểm cốt lõi và các rào cản nền tảng khi triển khai trong môi trường phát hiện tấn công thực tế.",Inam2023ProvenanceSoK,SoK: History is a Vast Early Warning System: Auditing the Provenance of System Intrusions,SUPPORTED,"Công trình SoK kinh điển hệ thống hóa toàn diện về đồ thị nguồn gốc hệ thống (System Provenance Graphs), viễn trắc kiểm toán mức nhân Linux (Auditd/eBPF), bùng nổ phụ thuộc nhân quả, hành vi APT phi tuyến tính và nhiễu quản trị.","Section I, Section II (Provenance & Syscalls), Section III (Attack Representation & APTs), Section IV (Dependency Explosion), Table 1","UPDATED (Aligned p_153 in docx with visual_qa builder: grouped citations [1], [3], [7] directly after modern literature clause so Inam2023 properly supports provenance graph paradigm in the survey rather than sequential logs)"
OCC-0050,p_153,"Phục vụ việc định vị chính xác các đóng góp kỹ thuật và cơ sở lý luận của chuyên đề, Mục 1.2 tiến hành khảo cứu, phân loại và phân tích đa chiều ba nhóm phương pháp biểu diễn đặc trưng log chủ đạo trong y văn hiện đại, bao gồm: nhóm phương pháp thống kê và cú pháp dựa trên mẫu log  [1]; nhóm phương pháp biểu diễn ngữ nghĩa chuỗi thời gian  [3]; cùng nhóm phương pháp học biểu diễn đồ thị nguồn gốc  [7]. Mỗi nhóm phương pháp được mổ xẻ tường minh về cơ chế toán học, độ phức tạp thuật toán, ưu điểm cốt lõi và các rào cản nền tảng khi triển khai trong môi trường phát hiện tấn công thực tế.",Zipperle2022PIDSSurvey,Provenance-based Intrusion Detection Systems: A Survey,SUPPORTED,"Khảo cứu toàn diện về các hệ thống phát hiện xâm nhập dựa trên đồ thị nguồn gốc (PIDS): phân loại các tiếp cận dựa trên đồ thị, chuỗi và tập luật; phân tích sự đánh đổi giữa độ giàu ngữ cảnh và chi phí tính toán.","Section 1, Section 2 (Provenance Data Model & Capture), Section 4 (Anomaly Detection Approaches), Table 3",NONE (SUPPORTED - Cites Zipperle2022 alongside Zhu2019 and Inam2023 to introduce modern log representation taxonomy; aligned with builder)
OCC-0051,p_155,"Nhóm phương pháp thống kê và cú pháp đại diện cho thế hệ tiếp cận đầu tiên trong phân tích nhật ký tự động  [1],  [2]. Cơ chế hoạt động của nhóm này dựa trên quy trình hai giai đoạn tách rời: giai đoạn phân tách dòng log thô thành các mẫu định dạng tĩnh (Log Templates / Event IDs) thông qua bộ phân tích cú pháp, tiếp theo là giai đoạn lượng hóa các chuỗi sự kiện thành vector số học dựa trên các thước đo thống kê kinh điển.",Zhu2019LogParsing,Tools and Benchmarks for Automated Log Parsing,SUPPORTED,"Cung cấp khung đối chuẩn thực nghiệm và đánh giá toàn diện các thuật toán phân tích cú pháp log (Drain, Spell, AEL, LenMa, IPLoM,...), xác lập đặc tính kỹ thuật, độ chính xác và độ phức tạp tính toán O(N).","Section III (Log Parsers), Section IV (Evaluation), Table II, Table III",NONE
OCC-0052,p_155,"Nhóm phương pháp thống kê và cú pháp đại diện cho thế hệ tiếp cận đầu tiên trong phân tích nhật ký tự động  [1],  [2]. Cơ chế hoạt động của nhóm này dựa trên quy trình hai giai đoạn tách rời: giai đoạn phân tách dòng log thô thành các mẫu định dạng tĩnh (Log Templates / Event IDs) thông qua bộ phân tích cú pháp, tiếp theo là giai đoạn lượng hóa các chuỗi sự kiện thành vector số học dựa trên các thước đo thống kê kinh điển.",Jiang2024LogParsingEval,A Large-Scale Evaluation for Log Parsing Techniques: How Far Are We?,SUPPORTED,"Khảo sát và đánh giá thực nghiệm quy mô lớn 16 bộ phân tích cú pháp trên 16 bộ dữ liệu log, chứng minh giới hạn về độ bền vững, khả năng xử lý log chưa từng thấy và rào cản lan truyền sai số.","Section 1, Section 4 (Empirical Evaluation), Section 5 (Practical Implications), Table 4, Table 5",NONE
OCC-0053,p_156,"Trong giai đoạn phân tích cú pháp, nhiều thuật toán tiêu biểu đã được phát triển nhằm tối ưu hóa tốc độ xử lý  [1]: thứ nhất là Drain  [1] sử dụng cấu trúc cây phân tích có độ sâu cố định để nhóm các dòng log dựa trên độ dài chuỗi và các từ khóa tiền tố, trong kết quả đo chuẩn thực nghiệm của Zhu et al., thời gian xử lý của Drain tăng gần tuyến tính theo kích thước tập dữ liệu log đối với luồng dữ liệu lớn; thứ hai là Spell  [1] áp dụng thuật toán tìm chuỗi con chung dài nhất (LCS) theo cơ chế dòng để trích xuất động các thành phần tĩnh của thông điệp log; thứ ba là LenMa và AEL  [1],  [2] lần lượt khai thác chiều dài các từ tố và tần suất xuất hiện của từ khóa để phân cụm và tách biến số ra khỏi chuỗi mẫu.",Zhu2019LogParsing,Tools and Benchmarks for Automated Log Parsing,SUPPORTED,"Drain sử dụng cây phân tích có độ sâu cố định (Fixed-Depth Parse Tree) để nhóm log theo độ dài và tiền tố, đạt độ phức tạp xấp xỉ tuyến tính O(N).",Section III.B (Drain: Fixed-Depth Tree Design),NONE
OCC-0054,p_156,"Trong giai đoạn phân tích cú pháp, nhiều thuật toán tiêu biểu đã được phát triển nhằm tối ưu hóa tốc độ xử lý  [1]: thứ nhất là Drain  [1] sử dụng cấu trúc cây phân tích có độ sâu cố định để nhóm các dòng log dựa trên độ dài chuỗi và các từ khóa tiền tố, trong kết quả đo chuẩn thực nghiệm của Zhu et al., thời gian xử lý của Drain tăng gần tuyến tính theo kích thước tập dữ liệu log đối với luồng dữ liệu lớn; thứ hai là Spell  [1] áp dụng thuật toán tìm chuỗi con chung dài nhất (LCS) theo cơ chế dòng để trích xuất động các thành phần tĩnh của thông điệp log; thứ ba là LenMa và AEL  [1],  [2] lần lượt khai thác chiều dài các từ tố và tần suất xuất hiện của từ khóa để phân cụm và tách biến số ra khỏi chuỗi mẫu.",Zhu2019LogParsing,Tools and Benchmarks for Automated Log Parsing,SUPPORTED,"Drain sử dụng cây phân tích có độ sâu cố định (Fixed-Depth Parse Tree) để nhóm log theo độ dài và tiền tố, đạt độ phức tạp xấp xỉ tuyến tính O(N).",Section III.B (Drain: Fixed-Depth Tree Design),NONE
OCC-0055,p_156,"Trong giai đoạn phân tích cú pháp, nhiều thuật toán tiêu biểu đã được phát triển nhằm tối ưu hóa tốc độ xử lý  [1]: thứ nhất là Drain  [1] sử dụng cấu trúc cây phân tích có độ sâu cố định để nhóm các dòng log dựa trên độ dài chuỗi và các từ khóa tiền tố, trong kết quả đo chuẩn thực nghiệm của Zhu et al., thời gian xử lý của Drain tăng gần tuyến tính theo kích thước tập dữ liệu log đối với luồng dữ liệu lớn; thứ hai là Spell  [1] áp dụng thuật toán tìm chuỗi con chung dài nhất (LCS) theo cơ chế dòng để trích xuất động các thành phần tĩnh của thông điệp log; thứ ba là LenMa và AEL  [1],  [2] lần lượt khai thác chiều dài các từ tố và tần suất xuất hiện của từ khóa để phân cụm và tách biến số ra khỏi chuỗi mẫu.",Zhu2019LogParsing,Tools and Benchmarks for Automated Log Parsing,SUPPORTED,"Drain sử dụng cây phân tích có độ sâu cố định (Fixed-Depth Parse Tree) để nhóm log theo độ dài và tiền tố, đạt độ phức tạp xấp xỉ tuyến tính O(N).",Section III.B (Drain: Fixed-Depth Tree Design),NONE
OCC-0056,p_156,"Trong giai đoạn phân tích cú pháp, nhiều thuật toán tiêu biểu đã được phát triển nhằm tối ưu hóa tốc độ xử lý  [1]: thứ nhất là Drain  [1] sử dụng cấu trúc cây phân tích có độ sâu cố định để nhóm các dòng log dựa trên độ dài chuỗi và các từ khóa tiền tố, trong kết quả đo chuẩn thực nghiệm của Zhu et al., thời gian xử lý của Drain tăng gần tuyến tính theo kích thước tập dữ liệu log đối với luồng dữ liệu lớn; thứ hai là Spell  [1] áp dụng thuật toán tìm chuỗi con chung dài nhất (LCS) theo cơ chế dòng để trích xuất động các thành phần tĩnh của thông điệp log; thứ ba là LenMa và AEL  [1],  [2] lần lượt khai thác chiều dài các từ tố và tần suất xuất hiện của từ khóa để phân cụm và tách biến số ra khỏi chuỗi mẫu.",Zhu2019LogParsing,Tools and Benchmarks for Automated Log Parsing,SUPPORTED,"Drain sử dụng cây phân tích có độ sâu cố định (Fixed-Depth Parse Tree) để nhóm log theo độ dài và tiền tố, đạt độ phức tạp xấp xỉ tuyến tính O(N).",Section III.B (Drain: Fixed-Depth Tree Design),NONE
OCC-0057,p_156,"Trong giai đoạn phân tích cú pháp, nhiều thuật toán tiêu biểu đã được phát triển nhằm tối ưu hóa tốc độ xử lý  [1]: thứ nhất là Drain  [1] sử dụng cấu trúc cây phân tích có độ sâu cố định để nhóm các dòng log dựa trên độ dài chuỗi và các từ khóa tiền tố, trong kết quả đo chuẩn thực nghiệm của Zhu et al., thời gian xử lý của Drain tăng gần tuyến tính theo kích thước tập dữ liệu log đối với luồng dữ liệu lớn; thứ hai là Spell  [1] áp dụng thuật toán tìm chuỗi con chung dài nhất (LCS) theo cơ chế dòng để trích xuất động các thành phần tĩnh của thông điệp log; thứ ba là LenMa và AEL  [1],  [2] lần lượt khai thác chiều dài các từ tố và tần suất xuất hiện của từ khóa để phân cụm và tách biến số ra khỏi chuỗi mẫu.",Jiang2024LogParsingEval,A Large-Scale Evaluation for Log Parsing Techniques: How Far Are We?,SUPPORTED,Đánh giá thực nghiệm chi tiết về hiệu năng và độ chính xác phân cụm của LenMa và AEL trên các tập log chuẩn.,"Section 4.2 (Parser Comparison, Table 4)",NONE
OCC-0058,p_161,"Trên không gian vector tần suất này, các mô hình phát hiện bất thường kinh điển được triển khai rộng rãi, tiêu biểu là phân tích thành phần chính PCA (Xu et al., SOSP 2009)  [17] thực hiện tâm hóa dữ liệu và tìm các phương chiếu trực giao có phương sai lớn nhất nhằm phân rã không gian vector  thành không gian con chuẩn tắc  gồm các thành phần chính được giữ lại và không gian con phần dư ; về mặt hình học, khi một vector quan sát nằm hoàn toàn trong không gian con giữ lại thì thành phần chiếu lên phần dư bằng 0, ngược lại một sự kiện được nhận diện là bất thường khi năng lượng chiếu lên phần dư vượt ngưỡng kiểm định thống kê, tuy nhiên phương có phương sai lớn trong dữ liệu không mặc nhiên là phương mang ý nghĩa an ninh do PCA tối ưu hóa tiêu chuẩn phương sai thống kê thay vì thuộc tính an ninh, vì vậy độ lớn phần dư thuần túy phản ánh độ lệch thống kê ngoài không gian chuẩn tắc chứ không tự chứng minh bản chất tấn công:",Xu2009HDFS,Detecting Large-Scale System Problems by Mining Console Logs,SUPPORTED,"Công trình tiên phong áp dụng khai phá dữ liệu log hệ thống phân tán HDFS: phân tích cú pháp trích xuất Block ID, xây dựng ma trận đếm số lượng sự kiện theo khối và phát hiện bất thường bằng PCA phân rã không gian chuẩn và không gian phần dư.","Section 1, Section 3 (Log Parsing & Feature Extraction), Section 4 (PCA-based Detection), Figure 2",NONE
OCC-0059,p_163,"Thứ hai, Invariant Mining (Lou et al., USENIX ATC 2010)  [22] tự động khai phá các phương trình bất biến tuyến tính phản ánh mối quan hệ bảo toàn logic giữa các bước thực thi:",Lou2010MiningInvariants,Mining Invariants from Console Logs for System Problem Detection,SUPPORTED,Đề xuất thuật toán tự động khai phá các phương trình bất biến tuyến tính Ax = 0 từ vector đếm log để phát hiện các vi phạm logic thực thi trong hệ thống phân tán.,"Section 1, Section 3 (Invariant Mining Algorithm), Section 4 (Anomaly Detection)",NONE
OCC-0060,p_165,"Mặc dù sở hữu ưu thế về hiệu quả tính toán trong thực tiễn (Zhu et al. (2019)  [1]; Jiang et al. (2024)  [2]), nhóm phương pháp thống kê và cú pháp bộc lộ hai điểm nghẽn phương pháp luận quan trọng: Một là, mất mát ngữ nghĩa an ninh do trừu tượng hóa tham số (nhận định và động cơ thiết kế của chuyên đề, không phải kết luận của Michael et al.): các bộ log parser dựa trên biểu thức chính quy thường thay thế các tham số biến động như địa chỉ IP, đường dẫn tệp tin và tham số dòng lệnh bằng ký tự đại diện <*> khiến nhiều thông tin an ninh mang tính phân biệt cao bị lược bỏ; Hai là, lan truyền và khuếch đại sai số cú pháp (Parser Error Propagation) khi xử lý các định dạng phức tạp hoặc chưa từng xuất hiện (Zhu et al. (2019)  [1]; Jiang et al. (2024)  [2]), dẫn đến hiện tượng sinh ra các mẫu sự kiện giả lập hoặc gộp nhầm các sự kiện khác biệt, làm xáo trộn cấu trúc không gian vector x.",Zhu2019LogParsing,Tools and Benchmarks for Automated Log Parsing,SUPPORTED,Phân tích hiện tượng lan truyền và tích lũy sai số cú pháp (Parser Error Propagation) khi phân tích log phức tạp hoặc chưa thấy.,Section V.B (Robustness & Error Analysis),NONE
OCC-0061,p_165,"Mặc dù sở hữu ưu thế về hiệu quả tính toán trong thực tiễn (Zhu et al. (2019)  [1]; Jiang et al. (2024)  [2]), nhóm phương pháp thống kê và cú pháp bộc lộ hai điểm nghẽn phương pháp luận quan trọng: Một là, mất mát ngữ nghĩa an ninh do trừu tượng hóa tham số (nhận định và động cơ thiết kế của chuyên đề, không phải kết luận của Michael et al.): các bộ log parser dựa trên biểu thức chính quy thường thay thế các tham số biến động như địa chỉ IP, đường dẫn tệp tin và tham số dòng lệnh bằng ký tự đại diện <*> khiến nhiều thông tin an ninh mang tính phân biệt cao bị lược bỏ; Hai là, lan truyền và khuếch đại sai số cú pháp (Parser Error Propagation) khi xử lý các định dạng phức tạp hoặc chưa từng xuất hiện (Zhu et al. (2019)  [1]; Jiang et al. (2024)  [2]), dẫn đến hiện tượng sinh ra các mẫu sự kiện giả lập hoặc gộp nhầm các sự kiện khác biệt, làm xáo trộn cấu trúc không gian vector x.",Jiang2024LogParsingEval,A Large-Scale Evaluation for Log Parsing Techniques: How Far Are We?,SUPPORTED,Phân tích định lượng về sự suy giảm hiệu năng do sai số phân tích cú pháp và rào cản thích ứng với log định dạng mới.,Section 5.1 & Section 5.3 (Practical Implications),NONE
OCC-0062,p_165,"Mặc dù sở hữu ưu thế về hiệu quả tính toán trong thực tiễn (Zhu et al. (2019)  [1]; Jiang et al. (2024)  [2]), nhóm phương pháp thống kê và cú pháp bộc lộ hai điểm nghẽn phương pháp luận quan trọng: Một là, mất mát ngữ nghĩa an ninh do trừu tượng hóa tham số (nhận định và động cơ thiết kế của chuyên đề, không phải kết luận của Michael et al.): các bộ log parser dựa trên biểu thức chính quy thường thay thế các tham số biến động như địa chỉ IP, đường dẫn tệp tin và tham số dòng lệnh bằng ký tự đại diện <*> khiến nhiều thông tin an ninh mang tính phân biệt cao bị lược bỏ; Hai là, lan truyền và khuếch đại sai số cú pháp (Parser Error Propagation) khi xử lý các định dạng phức tạp hoặc chưa từng xuất hiện (Zhu et al. (2019)  [1]; Jiang et al. (2024)  [2]), dẫn đến hiện tượng sinh ra các mẫu sự kiện giả lập hoặc gộp nhầm các sự kiện khác biệt, làm xáo trộn cấu trúc không gian vector x.",Zhu2019LogParsing,Tools and Benchmarks for Automated Log Parsing,SUPPORTED,Phân tích hiện tượng lan truyền và tích lũy sai số cú pháp (Parser Error Propagation) khi phân tích log phức tạp hoặc chưa thấy.,Section V.B (Robustness & Error Analysis),NONE
OCC-0063,p_165,"Mặc dù sở hữu ưu thế về hiệu quả tính toán trong thực tiễn (Zhu et al. (2019)  [1]; Jiang et al. (2024)  [2]), nhóm phương pháp thống kê và cú pháp bộc lộ hai điểm nghẽn phương pháp luận quan trọng: Một là, mất mát ngữ nghĩa an ninh do trừu tượng hóa tham số (nhận định và động cơ thiết kế của chuyên đề, không phải kết luận của Michael et al.): các bộ log parser dựa trên biểu thức chính quy thường thay thế các tham số biến động như địa chỉ IP, đường dẫn tệp tin và tham số dòng lệnh bằng ký tự đại diện <*> khiến nhiều thông tin an ninh mang tính phân biệt cao bị lược bỏ; Hai là, lan truyền và khuếch đại sai số cú pháp (Parser Error Propagation) khi xử lý các định dạng phức tạp hoặc chưa từng xuất hiện (Zhu et al. (2019)  [1]; Jiang et al. (2024)  [2]), dẫn đến hiện tượng sinh ra các mẫu sự kiện giả lập hoặc gộp nhầm các sự kiện khác biệt, làm xáo trộn cấu trúc không gian vector x.",Jiang2024LogParsingEval,A Large-Scale Evaluation for Log Parsing Techniques: How Far Are We?,SUPPORTED,Phân tích định lượng về sự suy giảm hiệu năng do sai số phân tích cú pháp và rào cản thích ứng với log định dạng mới.,Section 5.1 & Section 5.3 (Practical Implications),NONE
OCC-0064,p_167,"Khắc phục sự cứng nhắc của các vector đếm tần suất và tận dụng trật tự xuất hiện của các sự kiện, nhóm phương pháp Semantic–Sequential mô hình hóa luồng log tương tự như các chuỗi ngôn ngữ tự nhiên, tích hợp các kỹ thuật nhúng từ và học tự giám sát (Self-Supervised Learning) để nắm bắt phụ thuộc ngữ cảnh dài hạn  [23],  [24],  [25],  [26],  [27].",Du2017DeepLog,DeepLog: Anomaly Detection and Diagnosis from System Logs through Deep Learning,SUPPORTED,Công trình tiên phong áp dụng mạng nơ-ron hồi quy LSTM trong phát hiện bất thường log: mô hình hóa chuỗi log key theo phân phối có điều kiện P(k_t | k_{t-h}...k_{t-1}) và kiểm soát bất thường giá trị tham số bằng mô hình Gaussian nhiều chiều.,"Section 1, Section 3 (Log Key Anomaly Detection via LSTM), Section 4 (Parameter Value Anomaly Detection), Figure 2",NONE
OCC-0065,p_167,"Khắc phục sự cứng nhắc của các vector đếm tần suất và tận dụng trật tự xuất hiện của các sự kiện, nhóm phương pháp Semantic–Sequential mô hình hóa luồng log tương tự như các chuỗi ngôn ngữ tự nhiên, tích hợp các kỹ thuật nhúng từ và học tự giám sát (Self-Supervised Learning) để nắm bắt phụ thuộc ngữ cảnh dài hạn  [23],  [24],  [25],  [26],  [27].",Guo2021LogBERT,LogBERT: Log Anomaly Detection via BERT,SUPPORTED,Ứng dụng mô hình ngôn ngữ BERT cho chuỗi log: đề xuất tác vụ dự đoán log key bị che (Masked Log Key Prediction - MLKP) kết hợp hàm mục tiêu co thể tích siêu cầu (Hypersphere Volume Minimization) để học ranh giới hành vi bình thường.,"Section I, Section III (Methodology: MLKP & Objective), Section IV (Experiments), Figure 1",NONE
OCC-0066,p_167,"Khắc phục sự cứng nhắc của các vector đếm tần suất và tận dụng trật tự xuất hiện của các sự kiện, nhóm phương pháp Semantic–Sequential mô hình hóa luồng log tương tự như các chuỗi ngôn ngữ tự nhiên, tích hợp các kỹ thuật nhúng từ và học tự giám sát (Self-Supervised Learning) để nắm bắt phụ thuộc ngữ cảnh dài hạn  [23],  [24],  [25],  [26],  [27].",Le2021NeuralLog,Log-based Anomaly Detection Without Log Parsing,SUPPORTED,"Đề xuất phương pháp NeuralLog bỏ qua hoàn toàn bước phân tích cú pháp tĩnh, trích xuất đặc trưng ngữ nghĩa trực tiếp từ văn bản log thô bằng mô hình ngôn ngữ tiền huấn luyện BERT, triệt tiêu sai số cú pháp.","Section 1, Section 3 (NeuralLog Architecture), Section 4 (Empirical Evaluation)",NONE
OCC-0067,p_167,"Khắc phục sự cứng nhắc của các vector đếm tần suất và tận dụng trật tự xuất hiện của các sự kiện, nhóm phương pháp Semantic–Sequential mô hình hóa luồng log tương tự như các chuỗi ngôn ngữ tự nhiên, tích hợp các kỹ thuật nhúng từ và học tự giám sát (Self-Supervised Learning) để nắm bắt phụ thuộc ngữ cảnh dài hạn  [23],  [24],  [25],  [26],  [27].",Meng2019LogAnomaly,LogAnomaly: Unsupervised Detection of Sequential and Quantitative Anomalies in Unstructured Logs,SUPPORTED,"Đề xuất phương pháp Template2Vec kết hợp Word2Vec, FastText và trọng số d-IDF để biểu diễn ngữ nghĩa của mẫu log thành vector thực số, phát hiện đồng thời bất thường chuỗi và bất thường số lượng.","Section 1, Section 3 (Template2Vec & Representation), Section 4 (Sequential & Quantitative Detection)",NONE
OCC-0068,p_167,"Khắc phục sự cứng nhắc của các vector đếm tần suất và tận dụng trật tự xuất hiện của các sự kiện, nhóm phương pháp Semantic–Sequential mô hình hóa luồng log tương tự như các chuỗi ngôn ngữ tự nhiên, tích hợp các kỹ thuật nhúng từ và học tự giám sát (Self-Supervised Learning) để nắm bắt phụ thuộc ngữ cảnh dài hạn  [23],  [24],  [25],  [26],  [27].",Nedelkoski2020SelfAttentive,Self-Attentive Classification-Based Anomaly Detection in Unstructured Logs,SUPPORTED,"Ứng dụng cơ chế chú ý tự thân (Self-Attention) và Transformer để học biểu diễn ngữ cảnh chuỗi log phi cấu trúc, khắc phục điểm nghẽn phụ thuộc dài hạn của mạng RNN/LSTM.","Section I, Section III (Self-Attentive Log Representation), Section IV (Anomaly Classification)",NONE
OCC-0069,p_168,"Khởi đầu cho hướng nghiên cứu này là mô hình DeepLog  [23]. Nhằm khắc phục hạn chế mất mát thứ tự thời gian của các mô hình túi từ, DeepLog thiết lập cơ chế phát hiện bất thường chuỗi mẫu sự kiện (Log-Key Anomaly Detection): mô hình LSTM học trật tự thực thi bình thường thông qua phân phối có điều kiện  trên cửa sổ trượt k sự kiện trước đó  [23]:",Du2017DeepLog,DeepLog: Anomaly Detection and Diagnosis from System Logs through Deep Learning,SUPPORTED,Công trình tiên phong áp dụng mạng nơ-ron hồi quy LSTM trong phát hiện bất thường log: mô hình hóa chuỗi log key theo phân phối có điều kiện P(k_t | k_{t-h}...k_{t-1}) và kiểm soát bất thường giá trị tham số bằng mô hình Gaussian nhiều chiều.,"Section 1, Section 3 (Log Key Anomaly Detection via LSTM), Section 4 (Parameter Value Anomaly Detection), Figure 2",NONE
OCC-0070,p_168,"Khởi đầu cho hướng nghiên cứu này là mô hình DeepLog  [23]. Nhằm khắc phục hạn chế mất mát thứ tự thời gian của các mô hình túi từ, DeepLog thiết lập cơ chế phát hiện bất thường chuỗi mẫu sự kiện (Log-Key Anomaly Detection): mô hình LSTM học trật tự thực thi bình thường thông qua phân phối có điều kiện  trên cửa sổ trượt k sự kiện trước đó  [23]:",Du2017DeepLog,DeepLog: Anomaly Detection and Diagnosis from System Logs through Deep Learning,SUPPORTED,Công trình tiên phong áp dụng mạng nơ-ron hồi quy LSTM trong phát hiện bất thường log: mô hình hóa chuỗi log key theo phân phối có điều kiện P(k_t | k_{t-h}...k_{t-1}) và kiểm soát bất thường giá trị tham số bằng mô hình Gaussian nhiều chiều.,"Section 1, Section 3 (Log Key Anomaly Detection via LSTM), Section 4 (Parameter Value Anomaly Detection), Figure 2",NONE
OCC-0071,p_170,"Song song với luồng sự kiện phân loại, DeepLog xây dựng mô hình LSTM thứ hai kết hợp phân phối chuẩn nhiều chiều để kiểm tra độ lệch bất thường của các tham số số học  [23]; tuy nhiên, việc mô hình hóa dựa trên mạng hồi quy đòi hỏi thông tin trạng thái phải truyền tuần tự qua từng bước tính toán, khiến cơ chế cổng của LSTM gặp giới hạn khi truyền tải các phụ thuộc ngữ cảnh dài hạn và không cho phép các vị trí cách xa nhau tương tác trực tiếp với nhau.",Du2017DeepLog,DeepLog: Anomaly Detection and Diagnosis from System Logs through Deep Learning,SUPPORTED,Công trình tiên phong áp dụng mạng nơ-ron hồi quy LSTM trong phát hiện bất thường log: mô hình hóa chuỗi log key theo phân phối có điều kiện P(k_t | k_{t-h}...k_{t-1}) và kiểm soát bất thường giá trị tham số bằng mô hình Gaussian nhiều chiều.,"Section 1, Section 3 (Log Key Anomaly Detection via LSTM), Section 4 (Parameter Value Anomaly Detection), Figure 2",NONE
OCC-0072,p_171,"Thứ nhất, để nâng cao năng lực biểu diễn ngữ nghĩa vượt khỏi hạn chế của vector tần suất, các công trình kế tiếp đã khai thác vector nhúng cho từng mẫu log: LogAnomaly  [26] đề xuất Template2Vec dựa trên Word2Vec và FastText kết hợp trọng số d-IDF để trích xuất đặc trưng ngữ nghĩa từ vựng; trong khi đó, Logsy  [27] áp dụng hàm mất mát phân loại ngoại lai trên dữ liệu log phụ trợ nhằm định hình biên giới phân tách cho lớp hành vi bình thường; Thứ hai, bước chuyển sang mô hình hóa chuỗi sâu sắc hơn được khởi xướng bởi LogBERT  [24] dựa trên kiến trúc Transformer hai chiều và cơ chế chú ý tự thân (Self-Attention) của Vaswani et al. Trong kiến trúc Transformer  [28], cơ chế chú ý tích vô hướng tỉ lệ ánh xạ đầu vào thành các bộ vector Query, Key và Value, tính điểm tương tác giữa các cặp Query-Key và chuẩn hóa qua hàm softmax để tạo phân phối trọng số tổng hợp các vector Value trong phạm vi cửa sổ quan sát; về mặt cơ chế, nếu các điểm tương tác tương đương nhau thì trọng số chú ý phân bố gần như đồng đều, còn khi một vị trí có điểm vượt trội thì trọng số tập trung vào vị trí đó, cho phép liên kết trực tiếp mọi cặp sự kiện mà không bị nghẽn qua các bước tuần tự, song trọng số chú ý thuần túy phản ánh mức độ liên đới ngữ cảnh được tính toán trong cửa sổ chứ không cấu thành bằng chứng giải thích nhân quả hay đồ thị phụ thuộc hệ thống. LogBERT áp dụng cơ chế này cho hai tác vụ tự giám sát gồm dự đoán sự kiện log bị che và dự đoán phân bố khối lượng log; song song đó, hướng tiếp cận không dùng parser như NeuralLog  [25] trực tiếp mã hóa chuỗi văn bản thô thành các vector nhúng liên tục. Cuối cùng, trong các kiến trúc học tự giám sát trên chuỗi sự kiện, rủi ro phương pháp luận thường trực là hiện tượng sụp đổ biểu diễn, khi bộ mã hóa sinh ra các vector tầm thường giống nhau cho mọi đầu vào. Để kiểm soát hiện tượng này, kỹ thuật chính quy hóa VICReg  [12] phân rã mục tiêu điều chuẩn hình học thành ba thành phần: Phương sai duy trì độ phân tán theo chiều nhằm tránh co cụm về một điểm; Bất biến gióng hàng biểu diễn giữa các góc nhìn khác nhau; và Hiệp phương sai phạt các phần tử ngoài đường chéo của ma trận hiệp phương sai nhằm giảm tương quan tuyến tính giữa các chiều đặc trưng, dù mức hiệp phương sai triệt tiêu không đồng nghĩa với tính độc lập thống kê hoàn toàn khi tồn tại phụ thuộc phi tuyến. Việc áp dụng VICReg trong chuyên đề đóng vai trò là một cơ chế chính quy hóa hình học không gian, trong khi hiệu quả giảm tỷ lệ cảnh báo sai hoặc bỏ sót trong viễn trắc an ninh là giả thuyết thích ứng của đề tài cần kiểm chứng thực nghiệm  [12].",Meng2019LogAnomaly,LogAnomaly: Unsupervised Detection of Sequential and Quantitative Anomalies in Unstructured Logs,SUPPORTED,"Đề xuất phương pháp Template2Vec kết hợp Word2Vec, FastText và trọng số d-IDF để biểu diễn ngữ nghĩa của mẫu log thành vector thực số, phát hiện đồng thời bất thường chuỗi và bất thường số lượng.","Section 1, Section 3 (Template2Vec & Representation), Section 4 (Sequential & Quantitative Detection)",NONE
OCC-0073,p_171,"Thứ nhất, để nâng cao năng lực biểu diễn ngữ nghĩa vượt khỏi hạn chế của vector tần suất, các công trình kế tiếp đã khai thác vector nhúng cho từng mẫu log: LogAnomaly  [26] đề xuất Template2Vec dựa trên Word2Vec và FastText kết hợp trọng số d-IDF để trích xuất đặc trưng ngữ nghĩa từ vựng; trong khi đó, Logsy  [27] áp dụng hàm mất mát phân loại ngoại lai trên dữ liệu log phụ trợ nhằm định hình biên giới phân tách cho lớp hành vi bình thường; Thứ hai, bước chuyển sang mô hình hóa chuỗi sâu sắc hơn được khởi xướng bởi LogBERT  [24] dựa trên kiến trúc Transformer hai chiều và cơ chế chú ý tự thân (Self-Attention) của Vaswani et al. Trong kiến trúc Transformer  [28], cơ chế chú ý tích vô hướng tỉ lệ ánh xạ đầu vào thành các bộ vector Query, Key và Value, tính điểm tương tác giữa các cặp Query-Key và chuẩn hóa qua hàm softmax để tạo phân phối trọng số tổng hợp các vector Value trong phạm vi cửa sổ quan sát; về mặt cơ chế, nếu các điểm tương tác tương đương nhau thì trọng số chú ý phân bố gần như đồng đều, còn khi một vị trí có điểm vượt trội thì trọng số tập trung vào vị trí đó, cho phép liên kết trực tiếp mọi cặp sự kiện mà không bị nghẽn qua các bước tuần tự, song trọng số chú ý thuần túy phản ánh mức độ liên đới ngữ cảnh được tính toán trong cửa sổ chứ không cấu thành bằng chứng giải thích nhân quả hay đồ thị phụ thuộc hệ thống. LogBERT áp dụng cơ chế này cho hai tác vụ tự giám sát gồm dự đoán sự kiện log bị che và dự đoán phân bố khối lượng log; song song đó, hướng tiếp cận không dùng parser như NeuralLog  [25] trực tiếp mã hóa chuỗi văn bản thô thành các vector nhúng liên tục. Cuối cùng, trong các kiến trúc học tự giám sát trên chuỗi sự kiện, rủi ro phương pháp luận thường trực là hiện tượng sụp đổ biểu diễn, khi bộ mã hóa sinh ra các vector tầm thường giống nhau cho mọi đầu vào. Để kiểm soát hiện tượng này, kỹ thuật chính quy hóa VICReg  [12] phân rã mục tiêu điều chuẩn hình học thành ba thành phần: Phương sai duy trì độ phân tán theo chiều nhằm tránh co cụm về một điểm; Bất biến gióng hàng biểu diễn giữa các góc nhìn khác nhau; và Hiệp phương sai phạt các phần tử ngoài đường chéo của ma trận hiệp phương sai nhằm giảm tương quan tuyến tính giữa các chiều đặc trưng, dù mức hiệp phương sai triệt tiêu không đồng nghĩa với tính độc lập thống kê hoàn toàn khi tồn tại phụ thuộc phi tuyến. Việc áp dụng VICReg trong chuyên đề đóng vai trò là một cơ chế chính quy hóa hình học không gian, trong khi hiệu quả giảm tỷ lệ cảnh báo sai hoặc bỏ sót trong viễn trắc an ninh là giả thuyết thích ứng của đề tài cần kiểm chứng thực nghiệm  [12].",Nedelkoski2020SelfAttentive,Self-Attentive Classification-Based Anomaly Detection in Unstructured Logs,SUPPORTED,"Ứng dụng cơ chế chú ý tự thân (Self-Attention) và Transformer để học biểu diễn ngữ cảnh chuỗi log phi cấu trúc, khắc phục điểm nghẽn phụ thuộc dài hạn của mạng RNN/LSTM.","Section I, Section III (Self-Attentive Log Representation), Section IV (Anomaly Classification)",NONE
OCC-0074,p_171,"Thứ nhất, để nâng cao năng lực biểu diễn ngữ nghĩa vượt khỏi hạn chế của vector tần suất, các công trình kế tiếp đã khai thác vector nhúng cho từng mẫu log: LogAnomaly  [26] đề xuất Template2Vec dựa trên Word2Vec và FastText kết hợp trọng số d-IDF để trích xuất đặc trưng ngữ nghĩa từ vựng; trong khi đó, Logsy  [27] áp dụng hàm mất mát phân loại ngoại lai trên dữ liệu log phụ trợ nhằm định hình biên giới phân tách cho lớp hành vi bình thường; Thứ hai, bước chuyển sang mô hình hóa chuỗi sâu sắc hơn được khởi xướng bởi LogBERT  [24] dựa trên kiến trúc Transformer hai chiều và cơ chế chú ý tự thân (Self-Attention) của Vaswani et al. Trong kiến trúc Transformer  [28], cơ chế chú ý tích vô hướng tỉ lệ ánh xạ đầu vào thành các bộ vector Query, Key và Value, tính điểm tương tác giữa các cặp Query-Key và chuẩn hóa qua hàm softmax để tạo phân phối trọng số tổng hợp các vector Value trong phạm vi cửa sổ quan sát; về mặt cơ chế, nếu các điểm tương tác tương đương nhau thì trọng số chú ý phân bố gần như đồng đều, còn khi một vị trí có điểm vượt trội thì trọng số tập trung vào vị trí đó, cho phép liên kết trực tiếp mọi cặp sự kiện mà không bị nghẽn qua các bước tuần tự, song trọng số chú ý thuần túy phản ánh mức độ liên đới ngữ cảnh được tính toán trong cửa sổ chứ không cấu thành bằng chứng giải thích nhân quả hay đồ thị phụ thuộc hệ thống. LogBERT áp dụng cơ chế này cho hai tác vụ tự giám sát gồm dự đoán sự kiện log bị che và dự đoán phân bố khối lượng log; song song đó, hướng tiếp cận không dùng parser như NeuralLog  [25] trực tiếp mã hóa chuỗi văn bản thô thành các vector nhúng liên tục. Cuối cùng, trong các kiến trúc học tự giám sát trên chuỗi sự kiện, rủi ro phương pháp luận thường trực là hiện tượng sụp đổ biểu diễn, khi bộ mã hóa sinh ra các vector tầm thường giống nhau cho mọi đầu vào. Để kiểm soát hiện tượng này, kỹ thuật chính quy hóa VICReg  [12] phân rã mục tiêu điều chuẩn hình học thành ba thành phần: Phương sai duy trì độ phân tán theo chiều nhằm tránh co cụm về một điểm; Bất biến gióng hàng biểu diễn giữa các góc nhìn khác nhau; và Hiệp phương sai phạt các phần tử ngoài đường chéo của ma trận hiệp phương sai nhằm giảm tương quan tuyến tính giữa các chiều đặc trưng, dù mức hiệp phương sai triệt tiêu không đồng nghĩa với tính độc lập thống kê hoàn toàn khi tồn tại phụ thuộc phi tuyến. Việc áp dụng VICReg trong chuyên đề đóng vai trò là một cơ chế chính quy hóa hình học không gian, trong khi hiệu quả giảm tỷ lệ cảnh báo sai hoặc bỏ sót trong viễn trắc an ninh là giả thuyết thích ứng của đề tài cần kiểm chứng thực nghiệm  [12].",Guo2021LogBERT,LogBERT: Log Anomaly Detection via BERT,SUPPORTED,Ứng dụng mô hình ngôn ngữ BERT cho chuỗi log: đề xuất tác vụ dự đoán log key bị che (Masked Log Key Prediction - MLKP) kết hợp hàm mục tiêu co thể tích siêu cầu (Hypersphere Volume Minimization) để học ranh giới hành vi bình thường.,"Section I, Section III (Methodology: MLKP & Objective), Section IV (Experiments), Figure 1",NONE
OCC-0075,p_171,"Thứ nhất, để nâng cao năng lực biểu diễn ngữ nghĩa vượt khỏi hạn chế của vector tần suất, các công trình kế tiếp đã khai thác vector nhúng cho từng mẫu log: LogAnomaly  [26] đề xuất Template2Vec dựa trên Word2Vec và FastText kết hợp trọng số d-IDF để trích xuất đặc trưng ngữ nghĩa từ vựng; trong khi đó, Logsy  [27] áp dụng hàm mất mát phân loại ngoại lai trên dữ liệu log phụ trợ nhằm định hình biên giới phân tách cho lớp hành vi bình thường; Thứ hai, bước chuyển sang mô hình hóa chuỗi sâu sắc hơn được khởi xướng bởi LogBERT  [24] dựa trên kiến trúc Transformer hai chiều và cơ chế chú ý tự thân (Self-Attention) của Vaswani et al. Trong kiến trúc Transformer  [28], cơ chế chú ý tích vô hướng tỉ lệ ánh xạ đầu vào thành các bộ vector Query, Key và Value, tính điểm tương tác giữa các cặp Query-Key và chuẩn hóa qua hàm softmax để tạo phân phối trọng số tổng hợp các vector Value trong phạm vi cửa sổ quan sát; về mặt cơ chế, nếu các điểm tương tác tương đương nhau thì trọng số chú ý phân bố gần như đồng đều, còn khi một vị trí có điểm vượt trội thì trọng số tập trung vào vị trí đó, cho phép liên kết trực tiếp mọi cặp sự kiện mà không bị nghẽn qua các bước tuần tự, song trọng số chú ý thuần túy phản ánh mức độ liên đới ngữ cảnh được tính toán trong cửa sổ chứ không cấu thành bằng chứng giải thích nhân quả hay đồ thị phụ thuộc hệ thống. LogBERT áp dụng cơ chế này cho hai tác vụ tự giám sát gồm dự đoán sự kiện log bị che và dự đoán phân bố khối lượng log; song song đó, hướng tiếp cận không dùng parser như NeuralLog  [25] trực tiếp mã hóa chuỗi văn bản thô thành các vector nhúng liên tục. Cuối cùng, trong các kiến trúc học tự giám sát trên chuỗi sự kiện, rủi ro phương pháp luận thường trực là hiện tượng sụp đổ biểu diễn, khi bộ mã hóa sinh ra các vector tầm thường giống nhau cho mọi đầu vào. Để kiểm soát hiện tượng này, kỹ thuật chính quy hóa VICReg  [12] phân rã mục tiêu điều chuẩn hình học thành ba thành phần: Phương sai duy trì độ phân tán theo chiều nhằm tránh co cụm về một điểm; Bất biến gióng hàng biểu diễn giữa các góc nhìn khác nhau; và Hiệp phương sai phạt các phần tử ngoài đường chéo của ma trận hiệp phương sai nhằm giảm tương quan tuyến tính giữa các chiều đặc trưng, dù mức hiệp phương sai triệt tiêu không đồng nghĩa với tính độc lập thống kê hoàn toàn khi tồn tại phụ thuộc phi tuyến. Việc áp dụng VICReg trong chuyên đề đóng vai trò là một cơ chế chính quy hóa hình học không gian, trong khi hiệu quả giảm tỷ lệ cảnh báo sai hoặc bỏ sót trong viễn trắc an ninh là giả thuyết thích ứng của đề tài cần kiểm chứng thực nghiệm  [12].",Vaswani2017Transformer,Attention Is All You Need,SUPPORTED,"Công trình nền tảng đề xuất kiến trúc Transformer và cơ chế chú ý tự thân nhân rộng (Scaled Dot-Product Attention, Multi-Head Attention), thiết lập cơ sở toán học cho việc nắm bắt quan hệ ngữ cảnh chuỗi dài hạn với độ phức tạp O(L^2).","Section 1, Section 3 (Model Architecture: Multi-Head Attention), Section 3.2 (Scaled Dot-Product)",NONE
OCC-0076,p_171,"Thứ nhất, để nâng cao năng lực biểu diễn ngữ nghĩa vượt khỏi hạn chế của vector tần suất, các công trình kế tiếp đã khai thác vector nhúng cho từng mẫu log: LogAnomaly  [26] đề xuất Template2Vec dựa trên Word2Vec và FastText kết hợp trọng số d-IDF để trích xuất đặc trưng ngữ nghĩa từ vựng; trong khi đó, Logsy  [27] áp dụng hàm mất mát phân loại ngoại lai trên dữ liệu log phụ trợ nhằm định hình biên giới phân tách cho lớp hành vi bình thường; Thứ hai, bước chuyển sang mô hình hóa chuỗi sâu sắc hơn được khởi xướng bởi LogBERT  [24] dựa trên kiến trúc Transformer hai chiều và cơ chế chú ý tự thân (Self-Attention) của Vaswani et al. Trong kiến trúc Transformer  [28], cơ chế chú ý tích vô hướng tỉ lệ ánh xạ đầu vào thành các bộ vector Query, Key và Value, tính điểm tương tác giữa các cặp Query-Key và chuẩn hóa qua hàm softmax để tạo phân phối trọng số tổng hợp các vector Value trong phạm vi cửa sổ quan sát; về mặt cơ chế, nếu các điểm tương tác tương đương nhau thì trọng số chú ý phân bố gần như đồng đều, còn khi một vị trí có điểm vượt trội thì trọng số tập trung vào vị trí đó, cho phép liên kết trực tiếp mọi cặp sự kiện mà không bị nghẽn qua các bước tuần tự, song trọng số chú ý thuần túy phản ánh mức độ liên đới ngữ cảnh được tính toán trong cửa sổ chứ không cấu thành bằng chứng giải thích nhân quả hay đồ thị phụ thuộc hệ thống. LogBERT áp dụng cơ chế này cho hai tác vụ tự giám sát gồm dự đoán sự kiện log bị che và dự đoán phân bố khối lượng log; song song đó, hướng tiếp cận không dùng parser như NeuralLog  [25] trực tiếp mã hóa chuỗi văn bản thô thành các vector nhúng liên tục. Cuối cùng, trong các kiến trúc học tự giám sát trên chuỗi sự kiện, rủi ro phương pháp luận thường trực là hiện tượng sụp đổ biểu diễn, khi bộ mã hóa sinh ra các vector tầm thường giống nhau cho mọi đầu vào. Để kiểm soát hiện tượng này, kỹ thuật chính quy hóa VICReg  [12] phân rã mục tiêu điều chuẩn hình học thành ba thành phần: Phương sai duy trì độ phân tán theo chiều nhằm tránh co cụm về một điểm; Bất biến gióng hàng biểu diễn giữa các góc nhìn khác nhau; và Hiệp phương sai phạt các phần tử ngoài đường chéo của ma trận hiệp phương sai nhằm giảm tương quan tuyến tính giữa các chiều đặc trưng, dù mức hiệp phương sai triệt tiêu không đồng nghĩa với tính độc lập thống kê hoàn toàn khi tồn tại phụ thuộc phi tuyến. Việc áp dụng VICReg trong chuyên đề đóng vai trò là một cơ chế chính quy hóa hình học không gian, trong khi hiệu quả giảm tỷ lệ cảnh báo sai hoặc bỏ sót trong viễn trắc an ninh là giả thuyết thích ứng của đề tài cần kiểm chứng thực nghiệm  [12].",Le2021NeuralLog,Log-based Anomaly Detection Without Log Parsing,SUPPORTED,"Đề xuất phương pháp NeuralLog bỏ qua hoàn toàn bước phân tích cú pháp tĩnh, trích xuất đặc trưng ngữ nghĩa trực tiếp từ văn bản log thô bằng mô hình ngôn ngữ tiền huấn luyện BERT, triệt tiêu sai số cú pháp.","Section 1, Section 3 (NeuralLog Architecture), Section 4 (Empirical Evaluation)",NONE
OCC-0077,p_171,"Thứ nhất, để nâng cao năng lực biểu diễn ngữ nghĩa vượt khỏi hạn chế của vector tần suất, các công trình kế tiếp đã khai thác vector nhúng cho từng mẫu log: LogAnomaly  [26] đề xuất Template2Vec dựa trên Word2Vec và FastText kết hợp trọng số d-IDF để trích xuất đặc trưng ngữ nghĩa từ vựng; trong khi đó, Logsy  [27] áp dụng hàm mất mát phân loại ngoại lai trên dữ liệu log phụ trợ nhằm định hình biên giới phân tách cho lớp hành vi bình thường; Thứ hai, bước chuyển sang mô hình hóa chuỗi sâu sắc hơn được khởi xướng bởi LogBERT  [24] dựa trên kiến trúc Transformer hai chiều và cơ chế chú ý tự thân (Self-Attention) của Vaswani et al. Trong kiến trúc Transformer  [28], cơ chế chú ý tích vô hướng tỉ lệ ánh xạ đầu vào thành các bộ vector Query, Key và Value, tính điểm tương tác giữa các cặp Query-Key và chuẩn hóa qua hàm softmax để tạo phân phối trọng số tổng hợp các vector Value trong phạm vi cửa sổ quan sát; về mặt cơ chế, nếu các điểm tương tác tương đương nhau thì trọng số chú ý phân bố gần như đồng đều, còn khi một vị trí có điểm vượt trội thì trọng số tập trung vào vị trí đó, cho phép liên kết trực tiếp mọi cặp sự kiện mà không bị nghẽn qua các bước tuần tự, song trọng số chú ý thuần túy phản ánh mức độ liên đới ngữ cảnh được tính toán trong cửa sổ chứ không cấu thành bằng chứng giải thích nhân quả hay đồ thị phụ thuộc hệ thống. LogBERT áp dụng cơ chế này cho hai tác vụ tự giám sát gồm dự đoán sự kiện log bị che và dự đoán phân bố khối lượng log; song song đó, hướng tiếp cận không dùng parser như NeuralLog  [25] trực tiếp mã hóa chuỗi văn bản thô thành các vector nhúng liên tục. Cuối cùng, trong các kiến trúc học tự giám sát trên chuỗi sự kiện, rủi ro phương pháp luận thường trực là hiện tượng sụp đổ biểu diễn, khi bộ mã hóa sinh ra các vector tầm thường giống nhau cho mọi đầu vào. Để kiểm soát hiện tượng này, kỹ thuật chính quy hóa VICReg  [12] phân rã mục tiêu điều chuẩn hình học thành ba thành phần: Phương sai duy trì độ phân tán theo chiều nhằm tránh co cụm về một điểm; Bất biến gióng hàng biểu diễn giữa các góc nhìn khác nhau; và Hiệp phương sai phạt các phần tử ngoài đường chéo của ma trận hiệp phương sai nhằm giảm tương quan tuyến tính giữa các chiều đặc trưng, dù mức hiệp phương sai triệt tiêu không đồng nghĩa với tính độc lập thống kê hoàn toàn khi tồn tại phụ thuộc phi tuyến. Việc áp dụng VICReg trong chuyên đề đóng vai trò là một cơ chế chính quy hóa hình học không gian, trong khi hiệu quả giảm tỷ lệ cảnh báo sai hoặc bỏ sót trong viễn trắc an ninh là giả thuyết thích ứng của đề tài cần kiểm chứng thực nghiệm  [12].",Bardes2022VICReg,VICReg: Variance-Invariance-Covariance Regularization for Self-Supervised Learning,SUPPORTED,"Chứng minh cơ chế điều hòa phương sai dạng bản lề v(Z) ép độ lệch chuẩn của từng chiều vector vượt ngưỡng gamma, ngăn chặn triệt để sụp đổ biểu diễn (collapse).",Section 2.1 (Variance Regularization),NONE
OCC-0078,p_171,"Thứ nhất, để nâng cao năng lực biểu diễn ngữ nghĩa vượt khỏi hạn chế của vector tần suất, các công trình kế tiếp đã khai thác vector nhúng cho từng mẫu log: LogAnomaly  [26] đề xuất Template2Vec dựa trên Word2Vec và FastText kết hợp trọng số d-IDF để trích xuất đặc trưng ngữ nghĩa từ vựng; trong khi đó, Logsy  [27] áp dụng hàm mất mát phân loại ngoại lai trên dữ liệu log phụ trợ nhằm định hình biên giới phân tách cho lớp hành vi bình thường; Thứ hai, bước chuyển sang mô hình hóa chuỗi sâu sắc hơn được khởi xướng bởi LogBERT  [24] dựa trên kiến trúc Transformer hai chiều và cơ chế chú ý tự thân (Self-Attention) của Vaswani et al. Trong kiến trúc Transformer  [28], cơ chế chú ý tích vô hướng tỉ lệ ánh xạ đầu vào thành các bộ vector Query, Key và Value, tính điểm tương tác giữa các cặp Query-Key và chuẩn hóa qua hàm softmax để tạo phân phối trọng số tổng hợp các vector Value trong phạm vi cửa sổ quan sát; về mặt cơ chế, nếu các điểm tương tác tương đương nhau thì trọng số chú ý phân bố gần như đồng đều, còn khi một vị trí có điểm vượt trội thì trọng số tập trung vào vị trí đó, cho phép liên kết trực tiếp mọi cặp sự kiện mà không bị nghẽn qua các bước tuần tự, song trọng số chú ý thuần túy phản ánh mức độ liên đới ngữ cảnh được tính toán trong cửa sổ chứ không cấu thành bằng chứng giải thích nhân quả hay đồ thị phụ thuộc hệ thống. LogBERT áp dụng cơ chế này cho hai tác vụ tự giám sát gồm dự đoán sự kiện log bị che và dự đoán phân bố khối lượng log; song song đó, hướng tiếp cận không dùng parser như NeuralLog  [25] trực tiếp mã hóa chuỗi văn bản thô thành các vector nhúng liên tục. Cuối cùng, trong các kiến trúc học tự giám sát trên chuỗi sự kiện, rủi ro phương pháp luận thường trực là hiện tượng sụp đổ biểu diễn, khi bộ mã hóa sinh ra các vector tầm thường giống nhau cho mọi đầu vào. Để kiểm soát hiện tượng này, kỹ thuật chính quy hóa VICReg  [12] phân rã mục tiêu điều chuẩn hình học thành ba thành phần: Phương sai duy trì độ phân tán theo chiều nhằm tránh co cụm về một điểm; Bất biến gióng hàng biểu diễn giữa các góc nhìn khác nhau; và Hiệp phương sai phạt các phần tử ngoài đường chéo của ma trận hiệp phương sai nhằm giảm tương quan tuyến tính giữa các chiều đặc trưng, dù mức hiệp phương sai triệt tiêu không đồng nghĩa với tính độc lập thống kê hoàn toàn khi tồn tại phụ thuộc phi tuyến. Việc áp dụng VICReg trong chuyên đề đóng vai trò là một cơ chế chính quy hóa hình học không gian, trong khi hiệu quả giảm tỷ lệ cảnh báo sai hoặc bỏ sót trong viễn trắc an ninh là giả thuyết thích ứng của đề tài cần kiểm chứng thực nghiệm  [12].",Bardes2022VICReg,VICReg: Variance-Invariance-Covariance Regularization for Self-Supervised Learning,SUPPORTED,"Chứng minh cơ chế điều hòa phương sai dạng bản lề v(Z) ép độ lệch chuẩn của từng chiều vector vượt ngưỡng gamma, ngăn chặn triệt để sụp đổ biểu diễn (collapse).",Section 2.1 (Variance Regularization),NONE
OCC-0079,p_172,"Mặc dù đạt kết quả tốt trên các tập dữ liệu phần mềm, nhóm phương pháp Semantic–Sequential đối mặt với ba rào cản khi áp dụng vào an ninh mạng  [10],  [5]: Một là, nguy cơ rò rỉ và thiên lệch từ dữ liệu tiền huấn luyện: các mô hình sử dụng Transformer tiền huấn luyện trên kho văn bản tổng quát có nguy cơ tận dụng tri thức ngoài miền; khi đánh giá trong điều kiện phân vùng nghiêm ngặt, năng lực phân tách thực tế cần được kiểm chứng cẩn trọng  [10]; Hai là, chi phí tài nguyên tính toán: cơ chế Self-Attention trong Transformer  [28] có độ phức tạp tính toán và bộ nhớ bậc hai theo độ dài chuỗi hoặc kích thước cửa sổ, đòi hỏi tài nguyên tính toán đáng kể khi triển khai trên luồng dữ liệu thời gian thực có lưu lượng lớn; Ba là, giới hạn phạm vi quan sát đơn luồng và thiếu nhận thức cấu trúc: cơ chế chú ý tự thân tính toán trọng số tương tác trực tiếp từ tích vô hướng Query-Key trong phạm vi cửa sổ chuỗi cục bộ và tự nó không chứng minh quan hệ nhân quả; trong khi đó, cấu trúc đồ thị nguồn gốc có thể cung cấp thêm tương tác đa thực thể giữa tiến trình - tệp tin - socket mạng và các liên kết phụ thuộc, nhưng bản thân tô-pô đồ thị cũng không tự biến quan hệ liên đới hay phụ thuộc cấu trúc thành suy diễn nhân quả an ninh nếu thiếu các thiết kế kiểm soát hoặc bằng chứng bổ sung phù hợp.",Arp2022DosDonts,Dos and Don'ts of Machine Learning in Computer Security,SUPPORTED,"Bài báo tổng kết kinh điển tại USENIX Security 2022 về 10 cạm bẫy phương pháp luận trong ML an ninh mạng: rò rỉ phân vùng (snooping), tương quan giả, trôi dạt phân phối, và yêu cầu đánh giá đóng băng tham số (Frozen Linear Probing).","Section 2 (Pitfalls), Section 3 (P1: Sampling Bias, P2: Snooping), Section 4 (P4: Lab vs Real-world & Drift), Table 1",NONE
OCC-0080,p_172,"Mặc dù đạt kết quả tốt trên các tập dữ liệu phần mềm, nhóm phương pháp Semantic–Sequential đối mặt với ba rào cản khi áp dụng vào an ninh mạng  [10],  [5]: Một là, nguy cơ rò rỉ và thiên lệch từ dữ liệu tiền huấn luyện: các mô hình sử dụng Transformer tiền huấn luyện trên kho văn bản tổng quát có nguy cơ tận dụng tri thức ngoài miền; khi đánh giá trong điều kiện phân vùng nghiêm ngặt, năng lực phân tách thực tế cần được kiểm chứng cẩn trọng  [10]; Hai là, chi phí tài nguyên tính toán: cơ chế Self-Attention trong Transformer  [28] có độ phức tạp tính toán và bộ nhớ bậc hai theo độ dài chuỗi hoặc kích thước cửa sổ, đòi hỏi tài nguyên tính toán đáng kể khi triển khai trên luồng dữ liệu thời gian thực có lưu lượng lớn; Ba là, giới hạn phạm vi quan sát đơn luồng và thiếu nhận thức cấu trúc: cơ chế chú ý tự thân tính toán trọng số tương tác trực tiếp từ tích vô hướng Query-Key trong phạm vi cửa sổ chuỗi cục bộ và tự nó không chứng minh quan hệ nhân quả; trong khi đó, cấu trúc đồ thị nguồn gốc có thể cung cấp thêm tương tác đa thực thể giữa tiến trình - tệp tin - socket mạng và các liên kết phụ thuộc, nhưng bản thân tô-pô đồ thị cũng không tự biến quan hệ liên đới hay phụ thuộc cấu trúc thành suy diễn nhân quả an ninh nếu thiếu các thiết kế kiểm soát hoặc bằng chứng bổ sung phù hợp.",Liu2025DatasetQualityLogs,What We Talk About When We Talk About Logs: Understanding the Effects of Dataset Quality on Endpoint Threat Detection Research,SUPPORTED,"Khảo sát và định lượng các thách thức chất lượng dữ liệu log: tỷ lệ mất cân bằng cực đoan (<0.01% độc hại), nhiễu nền, tạo nhãn giả tạo trong môi trường lab và sự suy giảm hiệu năng do phân chia dữ liệu sai.","Section 1 (Challenges), Section 3 (Characterization & Imbalance), Section 4 (Data Quality Pitfalls), Table 2",NONE
OCC-0081,p_172,"Mặc dù đạt kết quả tốt trên các tập dữ liệu phần mềm, nhóm phương pháp Semantic–Sequential đối mặt với ba rào cản khi áp dụng vào an ninh mạng  [10],  [5]: Một là, nguy cơ rò rỉ và thiên lệch từ dữ liệu tiền huấn luyện: các mô hình sử dụng Transformer tiền huấn luyện trên kho văn bản tổng quát có nguy cơ tận dụng tri thức ngoài miền; khi đánh giá trong điều kiện phân vùng nghiêm ngặt, năng lực phân tách thực tế cần được kiểm chứng cẩn trọng  [10]; Hai là, chi phí tài nguyên tính toán: cơ chế Self-Attention trong Transformer  [28] có độ phức tạp tính toán và bộ nhớ bậc hai theo độ dài chuỗi hoặc kích thước cửa sổ, đòi hỏi tài nguyên tính toán đáng kể khi triển khai trên luồng dữ liệu thời gian thực có lưu lượng lớn; Ba là, giới hạn phạm vi quan sát đơn luồng và thiếu nhận thức cấu trúc: cơ chế chú ý tự thân tính toán trọng số tương tác trực tiếp từ tích vô hướng Query-Key trong phạm vi cửa sổ chuỗi cục bộ và tự nó không chứng minh quan hệ nhân quả; trong khi đó, cấu trúc đồ thị nguồn gốc có thể cung cấp thêm tương tác đa thực thể giữa tiến trình - tệp tin - socket mạng và các liên kết phụ thuộc, nhưng bản thân tô-pô đồ thị cũng không tự biến quan hệ liên đới hay phụ thuộc cấu trúc thành suy diễn nhân quả an ninh nếu thiếu các thiết kế kiểm soát hoặc bằng chứng bổ sung phù hợp.",Arp2022DosDonts,Dos and Don'ts of Machine Learning in Computer Security,SUPPORTED,"Bài báo tổng kết kinh điển tại USENIX Security 2022 về 10 cạm bẫy phương pháp luận trong ML an ninh mạng: rò rỉ phân vùng (snooping), tương quan giả, trôi dạt phân phối, và yêu cầu đánh giá đóng băng tham số (Frozen Linear Probing).","Section 2 (Pitfalls), Section 3 (P1: Sampling Bias, P2: Snooping), Section 4 (P4: Lab vs Real-world & Drift), Table 1",NONE
OCC-0082,p_172,"Mặc dù đạt kết quả tốt trên các tập dữ liệu phần mềm, nhóm phương pháp Semantic–Sequential đối mặt với ba rào cản khi áp dụng vào an ninh mạng  [10],  [5]: Một là, nguy cơ rò rỉ và thiên lệch từ dữ liệu tiền huấn luyện: các mô hình sử dụng Transformer tiền huấn luyện trên kho văn bản tổng quát có nguy cơ tận dụng tri thức ngoài miền; khi đánh giá trong điều kiện phân vùng nghiêm ngặt, năng lực phân tách thực tế cần được kiểm chứng cẩn trọng  [10]; Hai là, chi phí tài nguyên tính toán: cơ chế Self-Attention trong Transformer  [28] có độ phức tạp tính toán và bộ nhớ bậc hai theo độ dài chuỗi hoặc kích thước cửa sổ, đòi hỏi tài nguyên tính toán đáng kể khi triển khai trên luồng dữ liệu thời gian thực có lưu lượng lớn; Ba là, giới hạn phạm vi quan sát đơn luồng và thiếu nhận thức cấu trúc: cơ chế chú ý tự thân tính toán trọng số tương tác trực tiếp từ tích vô hướng Query-Key trong phạm vi cửa sổ chuỗi cục bộ và tự nó không chứng minh quan hệ nhân quả; trong khi đó, cấu trúc đồ thị nguồn gốc có thể cung cấp thêm tương tác đa thực thể giữa tiến trình - tệp tin - socket mạng và các liên kết phụ thuộc, nhưng bản thân tô-pô đồ thị cũng không tự biến quan hệ liên đới hay phụ thuộc cấu trúc thành suy diễn nhân quả an ninh nếu thiếu các thiết kế kiểm soát hoặc bằng chứng bổ sung phù hợp.",Vaswani2017Transformer,Attention Is All You Need,SUPPORTED,"Công trình nền tảng đề xuất kiến trúc Transformer và cơ chế chú ý tự thân nhân rộng (Scaled Dot-Product Attention, Multi-Head Attention), thiết lập cơ sở toán học cho việc nắm bắt quan hệ ngữ cảnh chuỗi dài hạn với độ phức tạp O(L^2).","Section 1, Section 3 (Model Architecture: Multi-Head Attention), Section 3.2 (Scaled Dot-Product)",NONE
OCC-0083,p_174,"Để khắc phục hạn chế của mô hình chuỗi khi một sự kiện đơn lẻ không chứa đủ ngữ cảnh của cả chuỗi hành vi, hướng tiếp cận dựa trên đồ thị nguồn gốc hệ thống mô hình hóa toàn bộ lịch sử thực thi và tương tác trong hệ điều hành dưới dạng một đồ thị có hướng, không đồng nhất và gán nhãn thời gian  [3],  [7]:",Inam2023ProvenanceSoK,SoK: History is a Vast Early Warning System: Auditing the Provenance of System Intrusions,SUPPORTED,"Công trình SoK kinh điển hệ thống hóa toàn diện về đồ thị nguồn gốc hệ thống (System Provenance Graphs), viễn trắc kiểm toán mức nhân Linux (Auditd/eBPF), bùng nổ phụ thuộc nhân quả, hành vi APT phi tuyến tính và nhiễu quản trị.","Section I, Section II (Provenance & Syscalls), Section III (Attack Representation & APTs), Section IV (Dependency Explosion), Table 1",NONE
OCC-0084,p_174,"Để khắc phục hạn chế của mô hình chuỗi khi một sự kiện đơn lẻ không chứa đủ ngữ cảnh của cả chuỗi hành vi, hướng tiếp cận dựa trên đồ thị nguồn gốc hệ thống mô hình hóa toàn bộ lịch sử thực thi và tương tác trong hệ điều hành dưới dạng một đồ thị có hướng, không đồng nhất và gán nhãn thời gian  [3],  [7]:",Zipperle2022PIDSSurvey,Provenance-based Intrusion Detection Systems: A Survey,SUPPORTED,"Khảo cứu toàn diện về các hệ thống phát hiện xâm nhập dựa trên đồ thị nguồn gốc (PIDS): phân loại các tiếp cận dựa trên đồ thị, chuỗi và tập luật; phân tích sự đánh đổi giữa độ giàu ngữ cảnh và chi phí tính toán.","Section 1, Section 2 (Provenance Data Model & Capture), Section 4 (Anomaly Detection Approaches), Table 3",NONE
OCC-0085,p_176,Trong đó V là tập các đỉnh đại diện cho các thực thể hệ thống thuộc tập kiểu ; E là tập các cạnh có hướng mô tả các tương tác luồng phụ thuộc nằm trong tập kiểu ; và τ gán nhãn mốc thời gian xảy ra tương tác  [3].,Inam2023ProvenanceSoK,SoK: History is a Vast Early Warning System: Auditing the Provenance of System Intrusions,SUPPORTED,"Công trình SoK kinh điển hệ thống hóa toàn diện về đồ thị nguồn gốc hệ thống (System Provenance Graphs), viễn trắc kiểm toán mức nhân Linux (Auditd/eBPF), bùng nổ phụ thuộc nhân quả, hành vi APT phi tuyến tính và nhiễu quản trị.","Section I, Section II (Provenance & Syscalls), Section III (Attack Representation & APTs), Section IV (Dependency Explosion), Table 1",NONE
OCC-0086,p_177,"Các hệ thống phát hiện xâm nhập dựa trên đồ thị nguồn gốc (PIDS) tiêu biểu bao gồm  [3],  [7]: Thứ nhất, UNICORN  [11] (NDSS 2020) xây dựng đồ thị nguồn gốc luồng thời gian thực, áp dụng thuật toán băm cây con Weisfeiler-Lehman để chuyển đổi đồ thị động thành vector đặc trưng đếm histogram; Thứ hai, KAIROS  [29] (IEEE S&P 2024) tích hợp mạng nơ-ron đồ thị nhận biết thời gian mã hóa đồng thời thông tin cấu trúc và sự tiến triển thời gian của đồ thị nguồn gốc để chấm điểm bất thường và tái dựng dấu vết tấn công APT; Thứ ba, NODLINK  [30] (NDSS 2024) mô hình hóa bài toán phát hiện thành cây Steiner trực tuyến kết hợp cơ chế bộ nhớ đệm để khôi phục đồ thị con tấn công nhỏ gọn; Thứ tư, MAGIC  [31] (USENIX Security 2024) khai thác kiến trúc tự mã hóa đồ thị che kết hợp cơ chế thích ứng mô hình để học biểu diễn đa độ hạt và chống trôi dạt khái niệm; Thứ năm, ORTHRUS  [32] (USENIX Security 2025) sử dụng mạng nơ-ron đồ thị không-thời gian (spatio-temporal GNN) phục vụ phát hiện xâm nhập ở mức đỉnh (node-level detection), phân tích phụ thuộc và tái dựng đường dẫn tấn công (attack-path reconstruction) với chất lượng quy kết cao (high Quality of Attribution). Mặc dù đạt nhiều bước tiến, nhóm phương pháp đồ thị đối mặt với ba thách thức lý thuyết và thực tiễn cốt lõi: Một là, hiện tượng bùng nổ phụ thuộc Dependency Explosion: các tiến trình hệ thống chạy dài hạn liên tục tương tác với nhiều tệp tin và socket, khiến đồ thị phát triển dày đặc và tạo ra nhiều liên kết phụ thuộc xa làm loãng tín hiệu bất thường  [3],  [33]; Hai là, thách thức về tính phức tạp mô hình và giao thức đánh giá thực nghiệm: kết quả đối chuẩn của Bilot et al.  [34] (USENIX Security 2025) và Guerra et al.  [35] chỉ ra các hạn chế quan trọng trong thực nghiệm PIDS: Bilot et al.  [34] chỉ ra rằng các hệ thống PIDS hiện hành thường mang độ phức tạp không cần thiết (unnecessary complexity), trong khi một mạng nơ-ron đơn giản (simple neural network) có thể đạt hiệu năng phát hiện tương đương hoặc vượt trội (state-of-the-art detection) trên 5/7 tập dữ liệu DARPA; đồng thời, nghiên cứu của Guerra et al.  [35] nhấn mạnh giao thức đánh giá (evaluation protocol) ảnh hưởng sâu sắc đến kết luận thực nghiệm, trong đó một giải pháp danh sách cho phép đơn giản (simple allowlist) dựa trên tên và đường dẫn thực thi có thể khớp hoặc vượt qua các baseline học máy trên 3/4 tập dữ liệu chính, và nhiều kết quả phát hiện thực chất phản ánh tính mới về mặt từ vựng (lexical novelty); Ba là, hai bệnh lý mạng nơ-ron đồ thị về mặt cấu trúc: khi tăng số lớp truyền tin, hiện tượng làm mịn quá mức (Over-smoothing), được Oono & Suzuki  [36] chứng minh tại ICLR 2020 dưới các điều kiện phổ ma trận kề chuẩn hóa và hàm kích hoạt không âm trên kiến trúc GCN sâu, khiến biểu diễn các đỉnh hội tụ theo hàm mũ về một không gian con giới hạn và mất dần năng lực phân tách; trong khi đó, hiện tượng nghẽn cổ chai thông tin (Over-squashing), được Alon & Yahav  [37] phân tích tại ICLR 2021, xuất hiện khi kích thước vùng lân cận k-hop tăng nhanh và lượng thông tin từ nhiều nguồn phải truyền qua các nút cổ chai hoặc lát cắt hẹp để nén vào một vector trạng thái có kích thước cố định, khiến các tín hiệu bất thường quan trọng từ xa dễ bị hòa lẫn hoặc suy giảm. Hai hiện tượng này mang bản chất toán học độc lập và cần được xử lý bằng các cơ chế kiến trúc riêng biệt.",Inam2023ProvenanceSoK,SoK: History is a Vast Early Warning System: Auditing the Provenance of System Intrusions,SUPPORTED,Phân tích hiện tượng bùng nổ phụ thuộc (Dependency Explosion) khi các tiến trình dịch vụ lâu dài tương tác với nhiều tệp tin và socket.,Section IV.A (Dependency Explosion Problem),NONE
OCC-0087,p_177,"Các hệ thống phát hiện xâm nhập dựa trên đồ thị nguồn gốc (PIDS) tiêu biểu bao gồm  [3],  [7]: Thứ nhất, UNICORN  [11] (NDSS 2020) xây dựng đồ thị nguồn gốc luồng thời gian thực, áp dụng thuật toán băm cây con Weisfeiler-Lehman để chuyển đổi đồ thị động thành vector đặc trưng đếm histogram; Thứ hai, KAIROS  [29] (IEEE S&P 2024) tích hợp mạng nơ-ron đồ thị nhận biết thời gian mã hóa đồng thời thông tin cấu trúc và sự tiến triển thời gian của đồ thị nguồn gốc để chấm điểm bất thường và tái dựng dấu vết tấn công APT; Thứ ba, NODLINK  [30] (NDSS 2024) mô hình hóa bài toán phát hiện thành cây Steiner trực tuyến kết hợp cơ chế bộ nhớ đệm để khôi phục đồ thị con tấn công nhỏ gọn; Thứ tư, MAGIC  [31] (USENIX Security 2024) khai thác kiến trúc tự mã hóa đồ thị che kết hợp cơ chế thích ứng mô hình để học biểu diễn đa độ hạt và chống trôi dạt khái niệm; Thứ năm, ORTHRUS  [32] (USENIX Security 2025) sử dụng mạng nơ-ron đồ thị không-thời gian (spatio-temporal GNN) phục vụ phát hiện xâm nhập ở mức đỉnh (node-level detection), phân tích phụ thuộc và tái dựng đường dẫn tấn công (attack-path reconstruction) với chất lượng quy kết cao (high Quality of Attribution). Mặc dù đạt nhiều bước tiến, nhóm phương pháp đồ thị đối mặt với ba thách thức lý thuyết và thực tiễn cốt lõi: Một là, hiện tượng bùng nổ phụ thuộc Dependency Explosion: các tiến trình hệ thống chạy dài hạn liên tục tương tác với nhiều tệp tin và socket, khiến đồ thị phát triển dày đặc và tạo ra nhiều liên kết phụ thuộc xa làm loãng tín hiệu bất thường  [3],  [33]; Hai là, thách thức về tính phức tạp mô hình và giao thức đánh giá thực nghiệm: kết quả đối chuẩn của Bilot et al.  [34] (USENIX Security 2025) và Guerra et al.  [35] chỉ ra các hạn chế quan trọng trong thực nghiệm PIDS: Bilot et al.  [34] chỉ ra rằng các hệ thống PIDS hiện hành thường mang độ phức tạp không cần thiết (unnecessary complexity), trong khi một mạng nơ-ron đơn giản (simple neural network) có thể đạt hiệu năng phát hiện tương đương hoặc vượt trội (state-of-the-art detection) trên 5/7 tập dữ liệu DARPA; đồng thời, nghiên cứu của Guerra et al.  [35] nhấn mạnh giao thức đánh giá (evaluation protocol) ảnh hưởng sâu sắc đến kết luận thực nghiệm, trong đó một giải pháp danh sách cho phép đơn giản (simple allowlist) dựa trên tên và đường dẫn thực thi có thể khớp hoặc vượt qua các baseline học máy trên 3/4 tập dữ liệu chính, và nhiều kết quả phát hiện thực chất phản ánh tính mới về mặt từ vựng (lexical novelty); Ba là, hai bệnh lý mạng nơ-ron đồ thị về mặt cấu trúc: khi tăng số lớp truyền tin, hiện tượng làm mịn quá mức (Over-smoothing), được Oono & Suzuki  [36] chứng minh tại ICLR 2020 dưới các điều kiện phổ ma trận kề chuẩn hóa và hàm kích hoạt không âm trên kiến trúc GCN sâu, khiến biểu diễn các đỉnh hội tụ theo hàm mũ về một không gian con giới hạn và mất dần năng lực phân tách; trong khi đó, hiện tượng nghẽn cổ chai thông tin (Over-squashing), được Alon & Yahav  [37] phân tích tại ICLR 2021, xuất hiện khi kích thước vùng lân cận k-hop tăng nhanh và lượng thông tin từ nhiều nguồn phải truyền qua các nút cổ chai hoặc lát cắt hẹp để nén vào một vector trạng thái có kích thước cố định, khiến các tín hiệu bất thường quan trọng từ xa dễ bị hòa lẫn hoặc suy giảm. Hai hiện tượng này mang bản chất toán học độc lập và cần được xử lý bằng các cơ chế kiến trúc riêng biệt.",Zipperle2022PIDSSurvey,Provenance-based Intrusion Detection Systems: A Survey,SUPPORTED,"Khảo cứu toàn diện về các hệ thống phát hiện xâm nhập dựa trên đồ thị nguồn gốc (PIDS): phân loại các tiếp cận dựa trên đồ thị, chuỗi và tập luật; phân tích sự đánh đổi giữa độ giàu ngữ cảnh và chi phí tính toán.","Section 1, Section 2 (Provenance Data Model & Capture), Section 4 (Anomaly Detection Approaches), Table 3",NONE
OCC-0088,p_177,"Các hệ thống phát hiện xâm nhập dựa trên đồ thị nguồn gốc (PIDS) tiêu biểu bao gồm  [3],  [7]: Thứ nhất, UNICORN  [11] (NDSS 2020) xây dựng đồ thị nguồn gốc luồng thời gian thực, áp dụng thuật toán băm cây con Weisfeiler-Lehman để chuyển đổi đồ thị động thành vector đặc trưng đếm histogram; Thứ hai, KAIROS  [29] (IEEE S&P 2024) tích hợp mạng nơ-ron đồ thị nhận biết thời gian mã hóa đồng thời thông tin cấu trúc và sự tiến triển thời gian của đồ thị nguồn gốc để chấm điểm bất thường và tái dựng dấu vết tấn công APT; Thứ ba, NODLINK  [30] (NDSS 2024) mô hình hóa bài toán phát hiện thành cây Steiner trực tuyến kết hợp cơ chế bộ nhớ đệm để khôi phục đồ thị con tấn công nhỏ gọn; Thứ tư, MAGIC  [31] (USENIX Security 2024) khai thác kiến trúc tự mã hóa đồ thị che kết hợp cơ chế thích ứng mô hình để học biểu diễn đa độ hạt và chống trôi dạt khái niệm; Thứ năm, ORTHRUS  [32] (USENIX Security 2025) sử dụng mạng nơ-ron đồ thị không-thời gian (spatio-temporal GNN) phục vụ phát hiện xâm nhập ở mức đỉnh (node-level detection), phân tích phụ thuộc và tái dựng đường dẫn tấn công (attack-path reconstruction) với chất lượng quy kết cao (high Quality of Attribution). Mặc dù đạt nhiều bước tiến, nhóm phương pháp đồ thị đối mặt với ba thách thức lý thuyết và thực tiễn cốt lõi: Một là, hiện tượng bùng nổ phụ thuộc Dependency Explosion: các tiến trình hệ thống chạy dài hạn liên tục tương tác với nhiều tệp tin và socket, khiến đồ thị phát triển dày đặc và tạo ra nhiều liên kết phụ thuộc xa làm loãng tín hiệu bất thường  [3],  [33]; Hai là, thách thức về tính phức tạp mô hình và giao thức đánh giá thực nghiệm: kết quả đối chuẩn của Bilot et al.  [34] (USENIX Security 2025) và Guerra et al.  [35] chỉ ra các hạn chế quan trọng trong thực nghiệm PIDS: Bilot et al.  [34] chỉ ra rằng các hệ thống PIDS hiện hành thường mang độ phức tạp không cần thiết (unnecessary complexity), trong khi một mạng nơ-ron đơn giản (simple neural network) có thể đạt hiệu năng phát hiện tương đương hoặc vượt trội (state-of-the-art detection) trên 5/7 tập dữ liệu DARPA; đồng thời, nghiên cứu của Guerra et al.  [35] nhấn mạnh giao thức đánh giá (evaluation protocol) ảnh hưởng sâu sắc đến kết luận thực nghiệm, trong đó một giải pháp danh sách cho phép đơn giản (simple allowlist) dựa trên tên và đường dẫn thực thi có thể khớp hoặc vượt qua các baseline học máy trên 3/4 tập dữ liệu chính, và nhiều kết quả phát hiện thực chất phản ánh tính mới về mặt từ vựng (lexical novelty); Ba là, hai bệnh lý mạng nơ-ron đồ thị về mặt cấu trúc: khi tăng số lớp truyền tin, hiện tượng làm mịn quá mức (Over-smoothing), được Oono & Suzuki  [36] chứng minh tại ICLR 2020 dưới các điều kiện phổ ma trận kề chuẩn hóa và hàm kích hoạt không âm trên kiến trúc GCN sâu, khiến biểu diễn các đỉnh hội tụ theo hàm mũ về một không gian con giới hạn và mất dần năng lực phân tách; trong khi đó, hiện tượng nghẽn cổ chai thông tin (Over-squashing), được Alon & Yahav  [37] phân tích tại ICLR 2021, xuất hiện khi kích thước vùng lân cận k-hop tăng nhanh và lượng thông tin từ nhiều nguồn phải truyền qua các nút cổ chai hoặc lát cắt hẹp để nén vào một vector trạng thái có kích thước cố định, khiến các tín hiệu bất thường quan trọng từ xa dễ bị hòa lẫn hoặc suy giảm. Hai hiện tượng này mang bản chất toán học độc lập và cần được xử lý bằng các cơ chế kiến trúc riêng biệt.",Han2020UNICORN,UNICORN: Runtime Provenance-Based Detector for Advanced Persistent Threats,SUPPORTED,Sử dụng thuật toán băm cây con Weisfeiler-Lehman để chuyển đổi đồ thị nguồn gốc động thành vector đặc trưng đếm cấu trúc.,Section 4.1 (WL Subtree Hashing Algorithm),NONE
OCC-0089,p_177,"Các hệ thống phát hiện xâm nhập dựa trên đồ thị nguồn gốc (PIDS) tiêu biểu bao gồm  [3],  [7]: Thứ nhất, UNICORN  [11] (NDSS 2020) xây dựng đồ thị nguồn gốc luồng thời gian thực, áp dụng thuật toán băm cây con Weisfeiler-Lehman để chuyển đổi đồ thị động thành vector đặc trưng đếm histogram; Thứ hai, KAIROS  [29] (IEEE S&P 2024) tích hợp mạng nơ-ron đồ thị nhận biết thời gian mã hóa đồng thời thông tin cấu trúc và sự tiến triển thời gian của đồ thị nguồn gốc để chấm điểm bất thường và tái dựng dấu vết tấn công APT; Thứ ba, NODLINK  [30] (NDSS 2024) mô hình hóa bài toán phát hiện thành cây Steiner trực tuyến kết hợp cơ chế bộ nhớ đệm để khôi phục đồ thị con tấn công nhỏ gọn; Thứ tư, MAGIC  [31] (USENIX Security 2024) khai thác kiến trúc tự mã hóa đồ thị che kết hợp cơ chế thích ứng mô hình để học biểu diễn đa độ hạt và chống trôi dạt khái niệm; Thứ năm, ORTHRUS  [32] (USENIX Security 2025) sử dụng mạng nơ-ron đồ thị không-thời gian (spatio-temporal GNN) phục vụ phát hiện xâm nhập ở mức đỉnh (node-level detection), phân tích phụ thuộc và tái dựng đường dẫn tấn công (attack-path reconstruction) với chất lượng quy kết cao (high Quality of Attribution). Mặc dù đạt nhiều bước tiến, nhóm phương pháp đồ thị đối mặt với ba thách thức lý thuyết và thực tiễn cốt lõi: Một là, hiện tượng bùng nổ phụ thuộc Dependency Explosion: các tiến trình hệ thống chạy dài hạn liên tục tương tác với nhiều tệp tin và socket, khiến đồ thị phát triển dày đặc và tạo ra nhiều liên kết phụ thuộc xa làm loãng tín hiệu bất thường  [3],  [33]; Hai là, thách thức về tính phức tạp mô hình và giao thức đánh giá thực nghiệm: kết quả đối chuẩn của Bilot et al.  [34] (USENIX Security 2025) và Guerra et al.  [35] chỉ ra các hạn chế quan trọng trong thực nghiệm PIDS: Bilot et al.  [34] chỉ ra rằng các hệ thống PIDS hiện hành thường mang độ phức tạp không cần thiết (unnecessary complexity), trong khi một mạng nơ-ron đơn giản (simple neural network) có thể đạt hiệu năng phát hiện tương đương hoặc vượt trội (state-of-the-art detection) trên 5/7 tập dữ liệu DARPA; đồng thời, nghiên cứu của Guerra et al.  [35] nhấn mạnh giao thức đánh giá (evaluation protocol) ảnh hưởng sâu sắc đến kết luận thực nghiệm, trong đó một giải pháp danh sách cho phép đơn giản (simple allowlist) dựa trên tên và đường dẫn thực thi có thể khớp hoặc vượt qua các baseline học máy trên 3/4 tập dữ liệu chính, và nhiều kết quả phát hiện thực chất phản ánh tính mới về mặt từ vựng (lexical novelty); Ba là, hai bệnh lý mạng nơ-ron đồ thị về mặt cấu trúc: khi tăng số lớp truyền tin, hiện tượng làm mịn quá mức (Over-smoothing), được Oono & Suzuki  [36] chứng minh tại ICLR 2020 dưới các điều kiện phổ ma trận kề chuẩn hóa và hàm kích hoạt không âm trên kiến trúc GCN sâu, khiến biểu diễn các đỉnh hội tụ theo hàm mũ về một không gian con giới hạn và mất dần năng lực phân tách; trong khi đó, hiện tượng nghẽn cổ chai thông tin (Over-squashing), được Alon & Yahav  [37] phân tích tại ICLR 2021, xuất hiện khi kích thước vùng lân cận k-hop tăng nhanh và lượng thông tin từ nhiều nguồn phải truyền qua các nút cổ chai hoặc lát cắt hẹp để nén vào một vector trạng thái có kích thước cố định, khiến các tín hiệu bất thường quan trọng từ xa dễ bị hòa lẫn hoặc suy giảm. Hai hiện tượng này mang bản chất toán học độc lập và cần được xử lý bằng các cơ chế kiến trúc riêng biệt.",Cheng2024KAIROS,KAIROS: Practical Intrusion Detection and Investigation using Whole-system Provenance,SUPPORTED,Đề xuất hệ thống KAIROS ứng dụng mạng nơ-ron đồ thị thời gian (Temporal GNN) trên đồ thị nguồn gốc hệ thống: mô hình hóa sự tiến triển thời gian của các quan hệ nhân quả để phát hiện APT với độ trễ thấp và độ chính xác cao.,"Section I, Section III (System Architecture & Temporal GNN), Section IV (Evaluation)",NONE
OCC-0090,p_177,"Các hệ thống phát hiện xâm nhập dựa trên đồ thị nguồn gốc (PIDS) tiêu biểu bao gồm  [3],  [7]: Thứ nhất, UNICORN  [11] (NDSS 2020) xây dựng đồ thị nguồn gốc luồng thời gian thực, áp dụng thuật toán băm cây con Weisfeiler-Lehman để chuyển đổi đồ thị động thành vector đặc trưng đếm histogram; Thứ hai, KAIROS  [29] (IEEE S&P 2024) tích hợp mạng nơ-ron đồ thị nhận biết thời gian mã hóa đồng thời thông tin cấu trúc và sự tiến triển thời gian của đồ thị nguồn gốc để chấm điểm bất thường và tái dựng dấu vết tấn công APT; Thứ ba, NODLINK  [30] (NDSS 2024) mô hình hóa bài toán phát hiện thành cây Steiner trực tuyến kết hợp cơ chế bộ nhớ đệm để khôi phục đồ thị con tấn công nhỏ gọn; Thứ tư, MAGIC  [31] (USENIX Security 2024) khai thác kiến trúc tự mã hóa đồ thị che kết hợp cơ chế thích ứng mô hình để học biểu diễn đa độ hạt và chống trôi dạt khái niệm; Thứ năm, ORTHRUS  [32] (USENIX Security 2025) sử dụng mạng nơ-ron đồ thị không-thời gian (spatio-temporal GNN) phục vụ phát hiện xâm nhập ở mức đỉnh (node-level detection), phân tích phụ thuộc và tái dựng đường dẫn tấn công (attack-path reconstruction) với chất lượng quy kết cao (high Quality of Attribution). Mặc dù đạt nhiều bước tiến, nhóm phương pháp đồ thị đối mặt với ba thách thức lý thuyết và thực tiễn cốt lõi: Một là, hiện tượng bùng nổ phụ thuộc Dependency Explosion: các tiến trình hệ thống chạy dài hạn liên tục tương tác với nhiều tệp tin và socket, khiến đồ thị phát triển dày đặc và tạo ra nhiều liên kết phụ thuộc xa làm loãng tín hiệu bất thường  [3],  [33]; Hai là, thách thức về tính phức tạp mô hình và giao thức đánh giá thực nghiệm: kết quả đối chuẩn của Bilot et al.  [34] (USENIX Security 2025) và Guerra et al.  [35] chỉ ra các hạn chế quan trọng trong thực nghiệm PIDS: Bilot et al.  [34] chỉ ra rằng các hệ thống PIDS hiện hành thường mang độ phức tạp không cần thiết (unnecessary complexity), trong khi một mạng nơ-ron đơn giản (simple neural network) có thể đạt hiệu năng phát hiện tương đương hoặc vượt trội (state-of-the-art detection) trên 5/7 tập dữ liệu DARPA; đồng thời, nghiên cứu của Guerra et al.  [35] nhấn mạnh giao thức đánh giá (evaluation protocol) ảnh hưởng sâu sắc đến kết luận thực nghiệm, trong đó một giải pháp danh sách cho phép đơn giản (simple allowlist) dựa trên tên và đường dẫn thực thi có thể khớp hoặc vượt qua các baseline học máy trên 3/4 tập dữ liệu chính, và nhiều kết quả phát hiện thực chất phản ánh tính mới về mặt từ vựng (lexical novelty); Ba là, hai bệnh lý mạng nơ-ron đồ thị về mặt cấu trúc: khi tăng số lớp truyền tin, hiện tượng làm mịn quá mức (Over-smoothing), được Oono & Suzuki  [36] chứng minh tại ICLR 2020 dưới các điều kiện phổ ma trận kề chuẩn hóa và hàm kích hoạt không âm trên kiến trúc GCN sâu, khiến biểu diễn các đỉnh hội tụ theo hàm mũ về một không gian con giới hạn và mất dần năng lực phân tách; trong khi đó, hiện tượng nghẽn cổ chai thông tin (Over-squashing), được Alon & Yahav  [37] phân tích tại ICLR 2021, xuất hiện khi kích thước vùng lân cận k-hop tăng nhanh và lượng thông tin từ nhiều nguồn phải truyền qua các nút cổ chai hoặc lát cắt hẹp để nén vào một vector trạng thái có kích thước cố định, khiến các tín hiệu bất thường quan trọng từ xa dễ bị hòa lẫn hoặc suy giảm. Hai hiện tượng này mang bản chất toán học độc lập và cần được xử lý bằng các cơ chế kiến trúc riêng biệt.",Li2024NODLINK,NODLINK: An Online System for Fine-Grained APT Attack Detection and Investigation,SUPPORTED,Đề xuất hệ thống NODLINK phát hiện APT trực tuyến: áp dụng cơ chế cắt tỉa đồ thị động dựa trên thông tin hạt nhân và tái dựng đồ thị con tấn công bằng thuật toán cây Steiner xấp xỉ trực tuyến kết hợp bộ nhớ đệm.,"Section 1, Section 3 (Architecture & Graph Pruning), Section 4 (Steiner Tree Attack Reconstruction)",NONE
OCC-0091,p_177,"Các hệ thống phát hiện xâm nhập dựa trên đồ thị nguồn gốc (PIDS) tiêu biểu bao gồm  [3],  [7]: Thứ nhất, UNICORN  [11] (NDSS 2020) xây dựng đồ thị nguồn gốc luồng thời gian thực, áp dụng thuật toán băm cây con Weisfeiler-Lehman để chuyển đổi đồ thị động thành vector đặc trưng đếm histogram; Thứ hai, KAIROS  [29] (IEEE S&P 2024) tích hợp mạng nơ-ron đồ thị nhận biết thời gian mã hóa đồng thời thông tin cấu trúc và sự tiến triển thời gian của đồ thị nguồn gốc để chấm điểm bất thường và tái dựng dấu vết tấn công APT; Thứ ba, NODLINK  [30] (NDSS 2024) mô hình hóa bài toán phát hiện thành cây Steiner trực tuyến kết hợp cơ chế bộ nhớ đệm để khôi phục đồ thị con tấn công nhỏ gọn; Thứ tư, MAGIC  [31] (USENIX Security 2024) khai thác kiến trúc tự mã hóa đồ thị che kết hợp cơ chế thích ứng mô hình để học biểu diễn đa độ hạt và chống trôi dạt khái niệm; Thứ năm, ORTHRUS  [32] (USENIX Security 2025) sử dụng mạng nơ-ron đồ thị không-thời gian (spatio-temporal GNN) phục vụ phát hiện xâm nhập ở mức đỉnh (node-level detection), phân tích phụ thuộc và tái dựng đường dẫn tấn công (attack-path reconstruction) với chất lượng quy kết cao (high Quality of Attribution). Mặc dù đạt nhiều bước tiến, nhóm phương pháp đồ thị đối mặt với ba thách thức lý thuyết và thực tiễn cốt lõi: Một là, hiện tượng bùng nổ phụ thuộc Dependency Explosion: các tiến trình hệ thống chạy dài hạn liên tục tương tác với nhiều tệp tin và socket, khiến đồ thị phát triển dày đặc và tạo ra nhiều liên kết phụ thuộc xa làm loãng tín hiệu bất thường  [3],  [33]; Hai là, thách thức về tính phức tạp mô hình và giao thức đánh giá thực nghiệm: kết quả đối chuẩn của Bilot et al.  [34] (USENIX Security 2025) và Guerra et al.  [35] chỉ ra các hạn chế quan trọng trong thực nghiệm PIDS: Bilot et al.  [34] chỉ ra rằng các hệ thống PIDS hiện hành thường mang độ phức tạp không cần thiết (unnecessary complexity), trong khi một mạng nơ-ron đơn giản (simple neural network) có thể đạt hiệu năng phát hiện tương đương hoặc vượt trội (state-of-the-art detection) trên 5/7 tập dữ liệu DARPA; đồng thời, nghiên cứu của Guerra et al.  [35] nhấn mạnh giao thức đánh giá (evaluation protocol) ảnh hưởng sâu sắc đến kết luận thực nghiệm, trong đó một giải pháp danh sách cho phép đơn giản (simple allowlist) dựa trên tên và đường dẫn thực thi có thể khớp hoặc vượt qua các baseline học máy trên 3/4 tập dữ liệu chính, và nhiều kết quả phát hiện thực chất phản ánh tính mới về mặt từ vựng (lexical novelty); Ba là, hai bệnh lý mạng nơ-ron đồ thị về mặt cấu trúc: khi tăng số lớp truyền tin, hiện tượng làm mịn quá mức (Over-smoothing), được Oono & Suzuki  [36] chứng minh tại ICLR 2020 dưới các điều kiện phổ ma trận kề chuẩn hóa và hàm kích hoạt không âm trên kiến trúc GCN sâu, khiến biểu diễn các đỉnh hội tụ theo hàm mũ về một không gian con giới hạn và mất dần năng lực phân tách; trong khi đó, hiện tượng nghẽn cổ chai thông tin (Over-squashing), được Alon & Yahav  [37] phân tích tại ICLR 2021, xuất hiện khi kích thước vùng lân cận k-hop tăng nhanh và lượng thông tin từ nhiều nguồn phải truyền qua các nút cổ chai hoặc lát cắt hẹp để nén vào một vector trạng thái có kích thước cố định, khiến các tín hiệu bất thường quan trọng từ xa dễ bị hòa lẫn hoặc suy giảm. Hai hiện tượng này mang bản chất toán học độc lập và cần được xử lý bằng các cơ chế kiến trúc riêng biệt.",Jia2024MAGIC,MAGIC: Detecting Advanced Persistent Threats via Masked Graph Representation Learning,SUPPORTED,"Đề xuất khung học tự giám sát MAGIC dựa trên cơ chế Masked Graph Autoencoder cho đồ thị nguồn gốc: che một phần cấu trúc cạnh và thuộc tính nút để huấn luyện mô hình khôi phục, tăng cường độ bền vững trước trôi dạt phân phối.","Section 1, Section 3 (Masked Graph Representation Learning), Section 4 (Pre-training & Reconstruction)",NONE
OCC-0092,p_177,"Các hệ thống phát hiện xâm nhập dựa trên đồ thị nguồn gốc (PIDS) tiêu biểu bao gồm  [3],  [7]: Thứ nhất, UNICORN  [11] (NDSS 2020) xây dựng đồ thị nguồn gốc luồng thời gian thực, áp dụng thuật toán băm cây con Weisfeiler-Lehman để chuyển đổi đồ thị động thành vector đặc trưng đếm histogram; Thứ hai, KAIROS  [29] (IEEE S&P 2024) tích hợp mạng nơ-ron đồ thị nhận biết thời gian mã hóa đồng thời thông tin cấu trúc và sự tiến triển thời gian của đồ thị nguồn gốc để chấm điểm bất thường và tái dựng dấu vết tấn công APT; Thứ ba, NODLINK  [30] (NDSS 2024) mô hình hóa bài toán phát hiện thành cây Steiner trực tuyến kết hợp cơ chế bộ nhớ đệm để khôi phục đồ thị con tấn công nhỏ gọn; Thứ tư, MAGIC  [31] (USENIX Security 2024) khai thác kiến trúc tự mã hóa đồ thị che kết hợp cơ chế thích ứng mô hình để học biểu diễn đa độ hạt và chống trôi dạt khái niệm; Thứ năm, ORTHRUS  [32] (USENIX Security 2025) sử dụng mạng nơ-ron đồ thị không-thời gian (spatio-temporal GNN) phục vụ phát hiện xâm nhập ở mức đỉnh (node-level detection), phân tích phụ thuộc và tái dựng đường dẫn tấn công (attack-path reconstruction) với chất lượng quy kết cao (high Quality of Attribution). Mặc dù đạt nhiều bước tiến, nhóm phương pháp đồ thị đối mặt với ba thách thức lý thuyết và thực tiễn cốt lõi: Một là, hiện tượng bùng nổ phụ thuộc Dependency Explosion: các tiến trình hệ thống chạy dài hạn liên tục tương tác với nhiều tệp tin và socket, khiến đồ thị phát triển dày đặc và tạo ra nhiều liên kết phụ thuộc xa làm loãng tín hiệu bất thường  [3],  [33]; Hai là, thách thức về tính phức tạp mô hình và giao thức đánh giá thực nghiệm: kết quả đối chuẩn của Bilot et al.  [34] (USENIX Security 2025) và Guerra et al.  [35] chỉ ra các hạn chế quan trọng trong thực nghiệm PIDS: Bilot et al.  [34] chỉ ra rằng các hệ thống PIDS hiện hành thường mang độ phức tạp không cần thiết (unnecessary complexity), trong khi một mạng nơ-ron đơn giản (simple neural network) có thể đạt hiệu năng phát hiện tương đương hoặc vượt trội (state-of-the-art detection) trên 5/7 tập dữ liệu DARPA; đồng thời, nghiên cứu của Guerra et al.  [35] nhấn mạnh giao thức đánh giá (evaluation protocol) ảnh hưởng sâu sắc đến kết luận thực nghiệm, trong đó một giải pháp danh sách cho phép đơn giản (simple allowlist) dựa trên tên và đường dẫn thực thi có thể khớp hoặc vượt qua các baseline học máy trên 3/4 tập dữ liệu chính, và nhiều kết quả phát hiện thực chất phản ánh tính mới về mặt từ vựng (lexical novelty); Ba là, hai bệnh lý mạng nơ-ron đồ thị về mặt cấu trúc: khi tăng số lớp truyền tin, hiện tượng làm mịn quá mức (Over-smoothing), được Oono & Suzuki  [36] chứng minh tại ICLR 2020 dưới các điều kiện phổ ma trận kề chuẩn hóa và hàm kích hoạt không âm trên kiến trúc GCN sâu, khiến biểu diễn các đỉnh hội tụ theo hàm mũ về một không gian con giới hạn và mất dần năng lực phân tách; trong khi đó, hiện tượng nghẽn cổ chai thông tin (Over-squashing), được Alon & Yahav  [37] phân tích tại ICLR 2021, xuất hiện khi kích thước vùng lân cận k-hop tăng nhanh và lượng thông tin từ nhiều nguồn phải truyền qua các nút cổ chai hoặc lát cắt hẹp để nén vào một vector trạng thái có kích thước cố định, khiến các tín hiệu bất thường quan trọng từ xa dễ bị hòa lẫn hoặc suy giảm. Hai hiện tượng này mang bản chất toán học độc lập và cần được xử lý bằng các cơ chế kiến trúc riêng biệt.",Jiang2025ORTHRUS,ORTHRUS: Achieving High Quality of Attribution in Provenance-based Intrusion Detection Systems,SUPPORTED,Đề xuất kiến trúc mạng nơ-ron đồ thị hai nhánh ORTHRUS cho đồ thị nguồn gốc: phân tách việc học đặc trưng cấu trúc tô-pô và đặc trưng thuộc tính ngữ nghĩa của các thực thể để tăng cường độ bền vững trước các kỹ thuật lẩn tránh.,"Section 1, Section 3 (Dual-Branch Architecture), Section 4 (Evaluation)",NONE
OCC-0093,p_177,"Các hệ thống phát hiện xâm nhập dựa trên đồ thị nguồn gốc (PIDS) tiêu biểu bao gồm  [3],  [7]: Thứ nhất, UNICORN  [11] (NDSS 2020) xây dựng đồ thị nguồn gốc luồng thời gian thực, áp dụng thuật toán băm cây con Weisfeiler-Lehman để chuyển đổi đồ thị động thành vector đặc trưng đếm histogram; Thứ hai, KAIROS  [29] (IEEE S&P 2024) tích hợp mạng nơ-ron đồ thị nhận biết thời gian mã hóa đồng thời thông tin cấu trúc và sự tiến triển thời gian của đồ thị nguồn gốc để chấm điểm bất thường và tái dựng dấu vết tấn công APT; Thứ ba, NODLINK  [30] (NDSS 2024) mô hình hóa bài toán phát hiện thành cây Steiner trực tuyến kết hợp cơ chế bộ nhớ đệm để khôi phục đồ thị con tấn công nhỏ gọn; Thứ tư, MAGIC  [31] (USENIX Security 2024) khai thác kiến trúc tự mã hóa đồ thị che kết hợp cơ chế thích ứng mô hình để học biểu diễn đa độ hạt và chống trôi dạt khái niệm; Thứ năm, ORTHRUS  [32] (USENIX Security 2025) sử dụng mạng nơ-ron đồ thị không-thời gian (spatio-temporal GNN) phục vụ phát hiện xâm nhập ở mức đỉnh (node-level detection), phân tích phụ thuộc và tái dựng đường dẫn tấn công (attack-path reconstruction) với chất lượng quy kết cao (high Quality of Attribution). Mặc dù đạt nhiều bước tiến, nhóm phương pháp đồ thị đối mặt với ba thách thức lý thuyết và thực tiễn cốt lõi: Một là, hiện tượng bùng nổ phụ thuộc Dependency Explosion: các tiến trình hệ thống chạy dài hạn liên tục tương tác với nhiều tệp tin và socket, khiến đồ thị phát triển dày đặc và tạo ra nhiều liên kết phụ thuộc xa làm loãng tín hiệu bất thường  [3],  [33]; Hai là, thách thức về tính phức tạp mô hình và giao thức đánh giá thực nghiệm: kết quả đối chuẩn của Bilot et al.  [34] (USENIX Security 2025) và Guerra et al.  [35] chỉ ra các hạn chế quan trọng trong thực nghiệm PIDS: Bilot et al.  [34] chỉ ra rằng các hệ thống PIDS hiện hành thường mang độ phức tạp không cần thiết (unnecessary complexity), trong khi một mạng nơ-ron đơn giản (simple neural network) có thể đạt hiệu năng phát hiện tương đương hoặc vượt trội (state-of-the-art detection) trên 5/7 tập dữ liệu DARPA; đồng thời, nghiên cứu của Guerra et al.  [35] nhấn mạnh giao thức đánh giá (evaluation protocol) ảnh hưởng sâu sắc đến kết luận thực nghiệm, trong đó một giải pháp danh sách cho phép đơn giản (simple allowlist) dựa trên tên và đường dẫn thực thi có thể khớp hoặc vượt qua các baseline học máy trên 3/4 tập dữ liệu chính, và nhiều kết quả phát hiện thực chất phản ánh tính mới về mặt từ vựng (lexical novelty); Ba là, hai bệnh lý mạng nơ-ron đồ thị về mặt cấu trúc: khi tăng số lớp truyền tin, hiện tượng làm mịn quá mức (Over-smoothing), được Oono & Suzuki  [36] chứng minh tại ICLR 2020 dưới các điều kiện phổ ma trận kề chuẩn hóa và hàm kích hoạt không âm trên kiến trúc GCN sâu, khiến biểu diễn các đỉnh hội tụ theo hàm mũ về một không gian con giới hạn và mất dần năng lực phân tách; trong khi đó, hiện tượng nghẽn cổ chai thông tin (Over-squashing), được Alon & Yahav  [37] phân tích tại ICLR 2021, xuất hiện khi kích thước vùng lân cận k-hop tăng nhanh và lượng thông tin từ nhiều nguồn phải truyền qua các nút cổ chai hoặc lát cắt hẹp để nén vào một vector trạng thái có kích thước cố định, khiến các tín hiệu bất thường quan trọng từ xa dễ bị hòa lẫn hoặc suy giảm. Hai hiện tượng này mang bản chất toán học độc lập và cần được xử lý bằng các cơ chế kiến trúc riêng biệt.",Inam2023ProvenanceSoK,SoK: History is a Vast Early Warning System: Auditing the Provenance of System Intrusions,SUPPORTED,Phân tích hiện tượng bùng nổ phụ thuộc (Dependency Explosion) khi các tiến trình dịch vụ lâu dài tương tác với nhiều tệp tin và socket.,Section IV.A (Dependency Explosion Problem),NONE
OCC-0094,p_177,"Các hệ thống phát hiện xâm nhập dựa trên đồ thị nguồn gốc (PIDS) tiêu biểu bao gồm  [3],  [7]: Thứ nhất, UNICORN  [11] (NDSS 2020) xây dựng đồ thị nguồn gốc luồng thời gian thực, áp dụng thuật toán băm cây con Weisfeiler-Lehman để chuyển đổi đồ thị động thành vector đặc trưng đếm histogram; Thứ hai, KAIROS  [29] (IEEE S&P 2024) tích hợp mạng nơ-ron đồ thị nhận biết thời gian mã hóa đồng thời thông tin cấu trúc và sự tiến triển thời gian của đồ thị nguồn gốc để chấm điểm bất thường và tái dựng dấu vết tấn công APT; Thứ ba, NODLINK  [30] (NDSS 2024) mô hình hóa bài toán phát hiện thành cây Steiner trực tuyến kết hợp cơ chế bộ nhớ đệm để khôi phục đồ thị con tấn công nhỏ gọn; Thứ tư, MAGIC  [31] (USENIX Security 2024) khai thác kiến trúc tự mã hóa đồ thị che kết hợp cơ chế thích ứng mô hình để học biểu diễn đa độ hạt và chống trôi dạt khái niệm; Thứ năm, ORTHRUS  [32] (USENIX Security 2025) sử dụng mạng nơ-ron đồ thị không-thời gian (spatio-temporal GNN) phục vụ phát hiện xâm nhập ở mức đỉnh (node-level detection), phân tích phụ thuộc và tái dựng đường dẫn tấn công (attack-path reconstruction) với chất lượng quy kết cao (high Quality of Attribution). Mặc dù đạt nhiều bước tiến, nhóm phương pháp đồ thị đối mặt với ba thách thức lý thuyết và thực tiễn cốt lõi: Một là, hiện tượng bùng nổ phụ thuộc Dependency Explosion: các tiến trình hệ thống chạy dài hạn liên tục tương tác với nhiều tệp tin và socket, khiến đồ thị phát triển dày đặc và tạo ra nhiều liên kết phụ thuộc xa làm loãng tín hiệu bất thường  [3],  [33]; Hai là, thách thức về tính phức tạp mô hình và giao thức đánh giá thực nghiệm: kết quả đối chuẩn của Bilot et al.  [34] (USENIX Security 2025) và Guerra et al.  [35] chỉ ra các hạn chế quan trọng trong thực nghiệm PIDS: Bilot et al.  [34] chỉ ra rằng các hệ thống PIDS hiện hành thường mang độ phức tạp không cần thiết (unnecessary complexity), trong khi một mạng nơ-ron đơn giản (simple neural network) có thể đạt hiệu năng phát hiện tương đương hoặc vượt trội (state-of-the-art detection) trên 5/7 tập dữ liệu DARPA; đồng thời, nghiên cứu của Guerra et al.  [35] nhấn mạnh giao thức đánh giá (evaluation protocol) ảnh hưởng sâu sắc đến kết luận thực nghiệm, trong đó một giải pháp danh sách cho phép đơn giản (simple allowlist) dựa trên tên và đường dẫn thực thi có thể khớp hoặc vượt qua các baseline học máy trên 3/4 tập dữ liệu chính, và nhiều kết quả phát hiện thực chất phản ánh tính mới về mặt từ vựng (lexical novelty); Ba là, hai bệnh lý mạng nơ-ron đồ thị về mặt cấu trúc: khi tăng số lớp truyền tin, hiện tượng làm mịn quá mức (Over-smoothing), được Oono & Suzuki  [36] chứng minh tại ICLR 2020 dưới các điều kiện phổ ma trận kề chuẩn hóa và hàm kích hoạt không âm trên kiến trúc GCN sâu, khiến biểu diễn các đỉnh hội tụ theo hàm mũ về một không gian con giới hạn và mất dần năng lực phân tách; trong khi đó, hiện tượng nghẽn cổ chai thông tin (Over-squashing), được Alon & Yahav  [37] phân tích tại ICLR 2021, xuất hiện khi kích thước vùng lân cận k-hop tăng nhanh và lượng thông tin từ nhiều nguồn phải truyền qua các nút cổ chai hoặc lát cắt hẹp để nén vào một vector trạng thái có kích thước cố định, khiến các tín hiệu bất thường quan trọng từ xa dễ bị hòa lẫn hoặc suy giảm. Hai hiện tượng này mang bản chất toán học độc lập và cần được xử lý bằng các cơ chế kiến trúc riêng biệt.",Zeng2022PalanTir,PalanTír: Optimizing Attack Provenance with Hardware-enhanced System Observability,SUPPORTED,Đề xuất hệ thống PalanTir sử dụng kỹ thuật phân vùng thực thi mịn và theo dõi vết con trỏ (pointer tainting) để triệt tiêu các liên kết phụ thuộc giả tạo và giải quyết hiện tượng bùng nổ phụ thuộc trong đồ thị nguồn gốc.,"Section 1, Section 3 (System Architecture & Taint Tracking), Section 5 (Evaluation on Graph Reduction)",NONE
OCC-0095,p_177,"Các hệ thống phát hiện xâm nhập dựa trên đồ thị nguồn gốc (PIDS) tiêu biểu bao gồm  [3],  [7]: Thứ nhất, UNICORN  [11] (NDSS 2020) xây dựng đồ thị nguồn gốc luồng thời gian thực, áp dụng thuật toán băm cây con Weisfeiler-Lehman để chuyển đổi đồ thị động thành vector đặc trưng đếm histogram; Thứ hai, KAIROS  [29] (IEEE S&P 2024) tích hợp mạng nơ-ron đồ thị nhận biết thời gian mã hóa đồng thời thông tin cấu trúc và sự tiến triển thời gian của đồ thị nguồn gốc để chấm điểm bất thường và tái dựng dấu vết tấn công APT; Thứ ba, NODLINK  [30] (NDSS 2024) mô hình hóa bài toán phát hiện thành cây Steiner trực tuyến kết hợp cơ chế bộ nhớ đệm để khôi phục đồ thị con tấn công nhỏ gọn; Thứ tư, MAGIC  [31] (USENIX Security 2024) khai thác kiến trúc tự mã hóa đồ thị che kết hợp cơ chế thích ứng mô hình để học biểu diễn đa độ hạt và chống trôi dạt khái niệm; Thứ năm, ORTHRUS  [32] (USENIX Security 2025) sử dụng mạng nơ-ron đồ thị không-thời gian (spatio-temporal GNN) phục vụ phát hiện xâm nhập ở mức đỉnh (node-level detection), phân tích phụ thuộc và tái dựng đường dẫn tấn công (attack-path reconstruction) với chất lượng quy kết cao (high Quality of Attribution). Mặc dù đạt nhiều bước tiến, nhóm phương pháp đồ thị đối mặt với ba thách thức lý thuyết và thực tiễn cốt lõi: Một là, hiện tượng bùng nổ phụ thuộc Dependency Explosion: các tiến trình hệ thống chạy dài hạn liên tục tương tác với nhiều tệp tin và socket, khiến đồ thị phát triển dày đặc và tạo ra nhiều liên kết phụ thuộc xa làm loãng tín hiệu bất thường  [3],  [33]; Hai là, thách thức về tính phức tạp mô hình và giao thức đánh giá thực nghiệm: kết quả đối chuẩn của Bilot et al.  [34] (USENIX Security 2025) và Guerra et al.  [35] chỉ ra các hạn chế quan trọng trong thực nghiệm PIDS: Bilot et al.  [34] chỉ ra rằng các hệ thống PIDS hiện hành thường mang độ phức tạp không cần thiết (unnecessary complexity), trong khi một mạng nơ-ron đơn giản (simple neural network) có thể đạt hiệu năng phát hiện tương đương hoặc vượt trội (state-of-the-art detection) trên 5/7 tập dữ liệu DARPA; đồng thời, nghiên cứu của Guerra et al.  [35] nhấn mạnh giao thức đánh giá (evaluation protocol) ảnh hưởng sâu sắc đến kết luận thực nghiệm, trong đó một giải pháp danh sách cho phép đơn giản (simple allowlist) dựa trên tên và đường dẫn thực thi có thể khớp hoặc vượt qua các baseline học máy trên 3/4 tập dữ liệu chính, và nhiều kết quả phát hiện thực chất phản ánh tính mới về mặt từ vựng (lexical novelty); Ba là, hai bệnh lý mạng nơ-ron đồ thị về mặt cấu trúc: khi tăng số lớp truyền tin, hiện tượng làm mịn quá mức (Over-smoothing), được Oono & Suzuki  [36] chứng minh tại ICLR 2020 dưới các điều kiện phổ ma trận kề chuẩn hóa và hàm kích hoạt không âm trên kiến trúc GCN sâu, khiến biểu diễn các đỉnh hội tụ theo hàm mũ về một không gian con giới hạn và mất dần năng lực phân tách; trong khi đó, hiện tượng nghẽn cổ chai thông tin (Over-squashing), được Alon & Yahav  [37] phân tích tại ICLR 2021, xuất hiện khi kích thước vùng lân cận k-hop tăng nhanh và lượng thông tin từ nhiều nguồn phải truyền qua các nút cổ chai hoặc lát cắt hẹp để nén vào một vector trạng thái có kích thước cố định, khiến các tín hiệu bất thường quan trọng từ xa dễ bị hòa lẫn hoặc suy giảm. Hai hiện tượng này mang bản chất toán học độc lập và cần được xử lý bằng các cơ chế kiến trúc riêng biệt.",Bilot2025SometimesSimpler,Sometimes Simpler is Better: A Comprehensive Analysis of State-of-the-Art Provenance-Based Intrusion Detection Systems,SUPPORTED,"Công trình đối chuẩn tại USENIX Security 2025 chứng minh các mô hình nơ-ron đơn giản hoặc luật cơ sở có thể đạt hiệu năng tương đương hoặc vượt trội các hệ thống PIDS phức tạp trên 5/7 tập dữ liệu DARPA TC, cảnh báo về cạm bẫy thiết kế.","Abstract, Section 1 (Introduction & Motivation), Section 4 (Evaluation on DARPA TC), Table 3",NONE
OCC-0096,p_177,"Các hệ thống phát hiện xâm nhập dựa trên đồ thị nguồn gốc (PIDS) tiêu biểu bao gồm  [3],  [7]: Thứ nhất, UNICORN  [11] (NDSS 2020) xây dựng đồ thị nguồn gốc luồng thời gian thực, áp dụng thuật toán băm cây con Weisfeiler-Lehman để chuyển đổi đồ thị động thành vector đặc trưng đếm histogram; Thứ hai, KAIROS  [29] (IEEE S&P 2024) tích hợp mạng nơ-ron đồ thị nhận biết thời gian mã hóa đồng thời thông tin cấu trúc và sự tiến triển thời gian của đồ thị nguồn gốc để chấm điểm bất thường và tái dựng dấu vết tấn công APT; Thứ ba, NODLINK  [30] (NDSS 2024) mô hình hóa bài toán phát hiện thành cây Steiner trực tuyến kết hợp cơ chế bộ nhớ đệm để khôi phục đồ thị con tấn công nhỏ gọn; Thứ tư, MAGIC  [31] (USENIX Security 2024) khai thác kiến trúc tự mã hóa đồ thị che kết hợp cơ chế thích ứng mô hình để học biểu diễn đa độ hạt và chống trôi dạt khái niệm; Thứ năm, ORTHRUS  [32] (USENIX Security 2025) sử dụng mạng nơ-ron đồ thị không-thời gian (spatio-temporal GNN) phục vụ phát hiện xâm nhập ở mức đỉnh (node-level detection), phân tích phụ thuộc và tái dựng đường dẫn tấn công (attack-path reconstruction) với chất lượng quy kết cao (high Quality of Attribution). Mặc dù đạt nhiều bước tiến, nhóm phương pháp đồ thị đối mặt với ba thách thức lý thuyết và thực tiễn cốt lõi: Một là, hiện tượng bùng nổ phụ thuộc Dependency Explosion: các tiến trình hệ thống chạy dài hạn liên tục tương tác với nhiều tệp tin và socket, khiến đồ thị phát triển dày đặc và tạo ra nhiều liên kết phụ thuộc xa làm loãng tín hiệu bất thường  [3],  [33]; Hai là, thách thức về tính phức tạp mô hình và giao thức đánh giá thực nghiệm: kết quả đối chuẩn của Bilot et al.  [34] (USENIX Security 2025) và Guerra et al.  [35] chỉ ra các hạn chế quan trọng trong thực nghiệm PIDS: Bilot et al.  [34] chỉ ra rằng các hệ thống PIDS hiện hành thường mang độ phức tạp không cần thiết (unnecessary complexity), trong khi một mạng nơ-ron đơn giản (simple neural network) có thể đạt hiệu năng phát hiện tương đương hoặc vượt trội (state-of-the-art detection) trên 5/7 tập dữ liệu DARPA; đồng thời, nghiên cứu của Guerra et al.  [35] nhấn mạnh giao thức đánh giá (evaluation protocol) ảnh hưởng sâu sắc đến kết luận thực nghiệm, trong đó một giải pháp danh sách cho phép đơn giản (simple allowlist) dựa trên tên và đường dẫn thực thi có thể khớp hoặc vượt qua các baseline học máy trên 3/4 tập dữ liệu chính, và nhiều kết quả phát hiện thực chất phản ánh tính mới về mặt từ vựng (lexical novelty); Ba là, hai bệnh lý mạng nơ-ron đồ thị về mặt cấu trúc: khi tăng số lớp truyền tin, hiện tượng làm mịn quá mức (Over-smoothing), được Oono & Suzuki  [36] chứng minh tại ICLR 2020 dưới các điều kiện phổ ma trận kề chuẩn hóa và hàm kích hoạt không âm trên kiến trúc GCN sâu, khiến biểu diễn các đỉnh hội tụ theo hàm mũ về một không gian con giới hạn và mất dần năng lực phân tách; trong khi đó, hiện tượng nghẽn cổ chai thông tin (Over-squashing), được Alon & Yahav  [37] phân tích tại ICLR 2021, xuất hiện khi kích thước vùng lân cận k-hop tăng nhanh và lượng thông tin từ nhiều nguồn phải truyền qua các nút cổ chai hoặc lát cắt hẹp để nén vào một vector trạng thái có kích thước cố định, khiến các tín hiệu bất thường quan trọng từ xa dễ bị hòa lẫn hoặc suy giảm. Hai hiện tượng này mang bản chất toán học độc lập và cần được xử lý bằng các cơ chế kiến trúc riêng biệt.",Guerra2026PIDSEvalProtocols,How Benchmarks and Evaluation Protocols Shape Conclusions in Provenance-Based Intrusion Detection,SUPPORTED,Công trình tại NDSS 2026 thiết lập giao thức đánh giá nghiêm ngặt cho PIDS: chứng minh phương pháp allowlist đơn giản dựa trên sự mới lạ từ vựng (lexical novelty) đạt hiệu năng ngang bằng hoặc vượt trội SOTA trên 3/4 tập dữ liệu chuẩn.,"Section 1, Section 4 (Allowlist Baseline Performance), Section 5 (Protocol Recommendations), Table 2",NONE
OCC-0097,p_177,"Các hệ thống phát hiện xâm nhập dựa trên đồ thị nguồn gốc (PIDS) tiêu biểu bao gồm  [3],  [7]: Thứ nhất, UNICORN  [11] (NDSS 2020) xây dựng đồ thị nguồn gốc luồng thời gian thực, áp dụng thuật toán băm cây con Weisfeiler-Lehman để chuyển đổi đồ thị động thành vector đặc trưng đếm histogram; Thứ hai, KAIROS  [29] (IEEE S&P 2024) tích hợp mạng nơ-ron đồ thị nhận biết thời gian mã hóa đồng thời thông tin cấu trúc và sự tiến triển thời gian của đồ thị nguồn gốc để chấm điểm bất thường và tái dựng dấu vết tấn công APT; Thứ ba, NODLINK  [30] (NDSS 2024) mô hình hóa bài toán phát hiện thành cây Steiner trực tuyến kết hợp cơ chế bộ nhớ đệm để khôi phục đồ thị con tấn công nhỏ gọn; Thứ tư, MAGIC  [31] (USENIX Security 2024) khai thác kiến trúc tự mã hóa đồ thị che kết hợp cơ chế thích ứng mô hình để học biểu diễn đa độ hạt và chống trôi dạt khái niệm; Thứ năm, ORTHRUS  [32] (USENIX Security 2025) sử dụng mạng nơ-ron đồ thị không-thời gian (spatio-temporal GNN) phục vụ phát hiện xâm nhập ở mức đỉnh (node-level detection), phân tích phụ thuộc và tái dựng đường dẫn tấn công (attack-path reconstruction) với chất lượng quy kết cao (high Quality of Attribution). Mặc dù đạt nhiều bước tiến, nhóm phương pháp đồ thị đối mặt với ba thách thức lý thuyết và thực tiễn cốt lõi: Một là, hiện tượng bùng nổ phụ thuộc Dependency Explosion: các tiến trình hệ thống chạy dài hạn liên tục tương tác với nhiều tệp tin và socket, khiến đồ thị phát triển dày đặc và tạo ra nhiều liên kết phụ thuộc xa làm loãng tín hiệu bất thường  [3],  [33]; Hai là, thách thức về tính phức tạp mô hình và giao thức đánh giá thực nghiệm: kết quả đối chuẩn của Bilot et al.  [34] (USENIX Security 2025) và Guerra et al.  [35] chỉ ra các hạn chế quan trọng trong thực nghiệm PIDS: Bilot et al.  [34] chỉ ra rằng các hệ thống PIDS hiện hành thường mang độ phức tạp không cần thiết (unnecessary complexity), trong khi một mạng nơ-ron đơn giản (simple neural network) có thể đạt hiệu năng phát hiện tương đương hoặc vượt trội (state-of-the-art detection) trên 5/7 tập dữ liệu DARPA; đồng thời, nghiên cứu của Guerra et al.  [35] nhấn mạnh giao thức đánh giá (evaluation protocol) ảnh hưởng sâu sắc đến kết luận thực nghiệm, trong đó một giải pháp danh sách cho phép đơn giản (simple allowlist) dựa trên tên và đường dẫn thực thi có thể khớp hoặc vượt qua các baseline học máy trên 3/4 tập dữ liệu chính, và nhiều kết quả phát hiện thực chất phản ánh tính mới về mặt từ vựng (lexical novelty); Ba là, hai bệnh lý mạng nơ-ron đồ thị về mặt cấu trúc: khi tăng số lớp truyền tin, hiện tượng làm mịn quá mức (Over-smoothing), được Oono & Suzuki  [36] chứng minh tại ICLR 2020 dưới các điều kiện phổ ma trận kề chuẩn hóa và hàm kích hoạt không âm trên kiến trúc GCN sâu, khiến biểu diễn các đỉnh hội tụ theo hàm mũ về một không gian con giới hạn và mất dần năng lực phân tách; trong khi đó, hiện tượng nghẽn cổ chai thông tin (Over-squashing), được Alon & Yahav  [37] phân tích tại ICLR 2021, xuất hiện khi kích thước vùng lân cận k-hop tăng nhanh và lượng thông tin từ nhiều nguồn phải truyền qua các nút cổ chai hoặc lát cắt hẹp để nén vào một vector trạng thái có kích thước cố định, khiến các tín hiệu bất thường quan trọng từ xa dễ bị hòa lẫn hoặc suy giảm. Hai hiện tượng này mang bản chất toán học độc lập và cần được xử lý bằng các cơ chế kiến trúc riêng biệt.",Bilot2025SometimesSimpler,Sometimes Simpler is Better: A Comprehensive Analysis of State-of-the-Art Provenance-Based Intrusion Detection Systems,SUPPORTED,"Công trình đối chuẩn tại USENIX Security 2025 chứng minh các mô hình nơ-ron đơn giản hoặc luật cơ sở có thể đạt hiệu năng tương đương hoặc vượt trội các hệ thống PIDS phức tạp trên 5/7 tập dữ liệu DARPA TC, cảnh báo về cạm bẫy thiết kế.","Abstract, Section 1 (Introduction & Motivation), Section 4 (Evaluation on DARPA TC), Table 3",NONE
OCC-0098,p_177,"Các hệ thống phát hiện xâm nhập dựa trên đồ thị nguồn gốc (PIDS) tiêu biểu bao gồm  [3],  [7]: Thứ nhất, UNICORN  [11] (NDSS 2020) xây dựng đồ thị nguồn gốc luồng thời gian thực, áp dụng thuật toán băm cây con Weisfeiler-Lehman để chuyển đổi đồ thị động thành vector đặc trưng đếm histogram; Thứ hai, KAIROS  [29] (IEEE S&P 2024) tích hợp mạng nơ-ron đồ thị nhận biết thời gian mã hóa đồng thời thông tin cấu trúc và sự tiến triển thời gian của đồ thị nguồn gốc để chấm điểm bất thường và tái dựng dấu vết tấn công APT; Thứ ba, NODLINK  [30] (NDSS 2024) mô hình hóa bài toán phát hiện thành cây Steiner trực tuyến kết hợp cơ chế bộ nhớ đệm để khôi phục đồ thị con tấn công nhỏ gọn; Thứ tư, MAGIC  [31] (USENIX Security 2024) khai thác kiến trúc tự mã hóa đồ thị che kết hợp cơ chế thích ứng mô hình để học biểu diễn đa độ hạt và chống trôi dạt khái niệm; Thứ năm, ORTHRUS  [32] (USENIX Security 2025) sử dụng mạng nơ-ron đồ thị không-thời gian (spatio-temporal GNN) phục vụ phát hiện xâm nhập ở mức đỉnh (node-level detection), phân tích phụ thuộc và tái dựng đường dẫn tấn công (attack-path reconstruction) với chất lượng quy kết cao (high Quality of Attribution). Mặc dù đạt nhiều bước tiến, nhóm phương pháp đồ thị đối mặt với ba thách thức lý thuyết và thực tiễn cốt lõi: Một là, hiện tượng bùng nổ phụ thuộc Dependency Explosion: các tiến trình hệ thống chạy dài hạn liên tục tương tác với nhiều tệp tin và socket, khiến đồ thị phát triển dày đặc và tạo ra nhiều liên kết phụ thuộc xa làm loãng tín hiệu bất thường  [3],  [33]; Hai là, thách thức về tính phức tạp mô hình và giao thức đánh giá thực nghiệm: kết quả đối chuẩn của Bilot et al.  [34] (USENIX Security 2025) và Guerra et al.  [35] chỉ ra các hạn chế quan trọng trong thực nghiệm PIDS: Bilot et al.  [34] chỉ ra rằng các hệ thống PIDS hiện hành thường mang độ phức tạp không cần thiết (unnecessary complexity), trong khi một mạng nơ-ron đơn giản (simple neural network) có thể đạt hiệu năng phát hiện tương đương hoặc vượt trội (state-of-the-art detection) trên 5/7 tập dữ liệu DARPA; đồng thời, nghiên cứu của Guerra et al.  [35] nhấn mạnh giao thức đánh giá (evaluation protocol) ảnh hưởng sâu sắc đến kết luận thực nghiệm, trong đó một giải pháp danh sách cho phép đơn giản (simple allowlist) dựa trên tên và đường dẫn thực thi có thể khớp hoặc vượt qua các baseline học máy trên 3/4 tập dữ liệu chính, và nhiều kết quả phát hiện thực chất phản ánh tính mới về mặt từ vựng (lexical novelty); Ba là, hai bệnh lý mạng nơ-ron đồ thị về mặt cấu trúc: khi tăng số lớp truyền tin, hiện tượng làm mịn quá mức (Over-smoothing), được Oono & Suzuki  [36] chứng minh tại ICLR 2020 dưới các điều kiện phổ ma trận kề chuẩn hóa và hàm kích hoạt không âm trên kiến trúc GCN sâu, khiến biểu diễn các đỉnh hội tụ theo hàm mũ về một không gian con giới hạn và mất dần năng lực phân tách; trong khi đó, hiện tượng nghẽn cổ chai thông tin (Over-squashing), được Alon & Yahav  [37] phân tích tại ICLR 2021, xuất hiện khi kích thước vùng lân cận k-hop tăng nhanh và lượng thông tin từ nhiều nguồn phải truyền qua các nút cổ chai hoặc lát cắt hẹp để nén vào một vector trạng thái có kích thước cố định, khiến các tín hiệu bất thường quan trọng từ xa dễ bị hòa lẫn hoặc suy giảm. Hai hiện tượng này mang bản chất toán học độc lập và cần được xử lý bằng các cơ chế kiến trúc riêng biệt.",Guerra2026PIDSEvalProtocols,How Benchmarks and Evaluation Protocols Shape Conclusions in Provenance-Based Intrusion Detection,SUPPORTED,Công trình tại NDSS 2026 thiết lập giao thức đánh giá nghiêm ngặt cho PIDS: chứng minh phương pháp allowlist đơn giản dựa trên sự mới lạ từ vựng (lexical novelty) đạt hiệu năng ngang bằng hoặc vượt trội SOTA trên 3/4 tập dữ liệu chuẩn.,"Section 1, Section 4 (Allowlist Baseline Performance), Section 5 (Protocol Recommendations), Table 2",NONE
OCC-0099,p_177,"Các hệ thống phát hiện xâm nhập dựa trên đồ thị nguồn gốc (PIDS) tiêu biểu bao gồm  [3],  [7]: Thứ nhất, UNICORN  [11] (NDSS 2020) xây dựng đồ thị nguồn gốc luồng thời gian thực, áp dụng thuật toán băm cây con Weisfeiler-Lehman để chuyển đổi đồ thị động thành vector đặc trưng đếm histogram; Thứ hai, KAIROS  [29] (IEEE S&P 2024) tích hợp mạng nơ-ron đồ thị nhận biết thời gian mã hóa đồng thời thông tin cấu trúc và sự tiến triển thời gian của đồ thị nguồn gốc để chấm điểm bất thường và tái dựng dấu vết tấn công APT; Thứ ba, NODLINK  [30] (NDSS 2024) mô hình hóa bài toán phát hiện thành cây Steiner trực tuyến kết hợp cơ chế bộ nhớ đệm để khôi phục đồ thị con tấn công nhỏ gọn; Thứ tư, MAGIC  [31] (USENIX Security 2024) khai thác kiến trúc tự mã hóa đồ thị che kết hợp cơ chế thích ứng mô hình để học biểu diễn đa độ hạt và chống trôi dạt khái niệm; Thứ năm, ORTHRUS  [32] (USENIX Security 2025) sử dụng mạng nơ-ron đồ thị không-thời gian (spatio-temporal GNN) phục vụ phát hiện xâm nhập ở mức đỉnh (node-level detection), phân tích phụ thuộc và tái dựng đường dẫn tấn công (attack-path reconstruction) với chất lượng quy kết cao (high Quality of Attribution). Mặc dù đạt nhiều bước tiến, nhóm phương pháp đồ thị đối mặt với ba thách thức lý thuyết và thực tiễn cốt lõi: Một là, hiện tượng bùng nổ phụ thuộc Dependency Explosion: các tiến trình hệ thống chạy dài hạn liên tục tương tác với nhiều tệp tin và socket, khiến đồ thị phát triển dày đặc và tạo ra nhiều liên kết phụ thuộc xa làm loãng tín hiệu bất thường  [3],  [33]; Hai là, thách thức về tính phức tạp mô hình và giao thức đánh giá thực nghiệm: kết quả đối chuẩn của Bilot et al.  [34] (USENIX Security 2025) và Guerra et al.  [35] chỉ ra các hạn chế quan trọng trong thực nghiệm PIDS: Bilot et al.  [34] chỉ ra rằng các hệ thống PIDS hiện hành thường mang độ phức tạp không cần thiết (unnecessary complexity), trong khi một mạng nơ-ron đơn giản (simple neural network) có thể đạt hiệu năng phát hiện tương đương hoặc vượt trội (state-of-the-art detection) trên 5/7 tập dữ liệu DARPA; đồng thời, nghiên cứu của Guerra et al.  [35] nhấn mạnh giao thức đánh giá (evaluation protocol) ảnh hưởng sâu sắc đến kết luận thực nghiệm, trong đó một giải pháp danh sách cho phép đơn giản (simple allowlist) dựa trên tên và đường dẫn thực thi có thể khớp hoặc vượt qua các baseline học máy trên 3/4 tập dữ liệu chính, và nhiều kết quả phát hiện thực chất phản ánh tính mới về mặt từ vựng (lexical novelty); Ba là, hai bệnh lý mạng nơ-ron đồ thị về mặt cấu trúc: khi tăng số lớp truyền tin, hiện tượng làm mịn quá mức (Over-smoothing), được Oono & Suzuki  [36] chứng minh tại ICLR 2020 dưới các điều kiện phổ ma trận kề chuẩn hóa và hàm kích hoạt không âm trên kiến trúc GCN sâu, khiến biểu diễn các đỉnh hội tụ theo hàm mũ về một không gian con giới hạn và mất dần năng lực phân tách; trong khi đó, hiện tượng nghẽn cổ chai thông tin (Over-squashing), được Alon & Yahav  [37] phân tích tại ICLR 2021, xuất hiện khi kích thước vùng lân cận k-hop tăng nhanh và lượng thông tin từ nhiều nguồn phải truyền qua các nút cổ chai hoặc lát cắt hẹp để nén vào một vector trạng thái có kích thước cố định, khiến các tín hiệu bất thường quan trọng từ xa dễ bị hòa lẫn hoặc suy giảm. Hai hiện tượng này mang bản chất toán học độc lập và cần được xử lý bằng các cơ chế kiến trúc riêng biệt.",Oono2020OverSmoothing,Graph Neural Networks Exponentially Lose Expressive Power for Node Classification,SUPPORTED,"Chứng minh toán học nghiêm ngặt về hiện tượng làm mịn quá mức (Over-smoothing) trong GNN: khi số lớp truyền tin tăng lên, biểu diễn của các nút trong đồ thị hội tụ theo hàm mũ về một không gian con duy nhất, làm mất khả năng phân biệt.","Abstract, Section 3 (Theoretical Formulation & Theorem 1), Section 4 (Exponential Convergence Proof)",NONE
OCC-0100,p_177,"Các hệ thống phát hiện xâm nhập dựa trên đồ thị nguồn gốc (PIDS) tiêu biểu bao gồm  [3],  [7]: Thứ nhất, UNICORN  [11] (NDSS 2020) xây dựng đồ thị nguồn gốc luồng thời gian thực, áp dụng thuật toán băm cây con Weisfeiler-Lehman để chuyển đổi đồ thị động thành vector đặc trưng đếm histogram; Thứ hai, KAIROS  [29] (IEEE S&P 2024) tích hợp mạng nơ-ron đồ thị nhận biết thời gian mã hóa đồng thời thông tin cấu trúc và sự tiến triển thời gian của đồ thị nguồn gốc để chấm điểm bất thường và tái dựng dấu vết tấn công APT; Thứ ba, NODLINK  [30] (NDSS 2024) mô hình hóa bài toán phát hiện thành cây Steiner trực tuyến kết hợp cơ chế bộ nhớ đệm để khôi phục đồ thị con tấn công nhỏ gọn; Thứ tư, MAGIC  [31] (USENIX Security 2024) khai thác kiến trúc tự mã hóa đồ thị che kết hợp cơ chế thích ứng mô hình để học biểu diễn đa độ hạt và chống trôi dạt khái niệm; Thứ năm, ORTHRUS  [32] (USENIX Security 2025) sử dụng mạng nơ-ron đồ thị không-thời gian (spatio-temporal GNN) phục vụ phát hiện xâm nhập ở mức đỉnh (node-level detection), phân tích phụ thuộc và tái dựng đường dẫn tấn công (attack-path reconstruction) với chất lượng quy kết cao (high Quality of Attribution). Mặc dù đạt nhiều bước tiến, nhóm phương pháp đồ thị đối mặt với ba thách thức lý thuyết và thực tiễn cốt lõi: Một là, hiện tượng bùng nổ phụ thuộc Dependency Explosion: các tiến trình hệ thống chạy dài hạn liên tục tương tác với nhiều tệp tin và socket, khiến đồ thị phát triển dày đặc và tạo ra nhiều liên kết phụ thuộc xa làm loãng tín hiệu bất thường  [3],  [33]; Hai là, thách thức về tính phức tạp mô hình và giao thức đánh giá thực nghiệm: kết quả đối chuẩn của Bilot et al.  [34] (USENIX Security 2025) và Guerra et al.  [35] chỉ ra các hạn chế quan trọng trong thực nghiệm PIDS: Bilot et al.  [34] chỉ ra rằng các hệ thống PIDS hiện hành thường mang độ phức tạp không cần thiết (unnecessary complexity), trong khi một mạng nơ-ron đơn giản (simple neural network) có thể đạt hiệu năng phát hiện tương đương hoặc vượt trội (state-of-the-art detection) trên 5/7 tập dữ liệu DARPA; đồng thời, nghiên cứu của Guerra et al.  [35] nhấn mạnh giao thức đánh giá (evaluation protocol) ảnh hưởng sâu sắc đến kết luận thực nghiệm, trong đó một giải pháp danh sách cho phép đơn giản (simple allowlist) dựa trên tên và đường dẫn thực thi có thể khớp hoặc vượt qua các baseline học máy trên 3/4 tập dữ liệu chính, và nhiều kết quả phát hiện thực chất phản ánh tính mới về mặt từ vựng (lexical novelty); Ba là, hai bệnh lý mạng nơ-ron đồ thị về mặt cấu trúc: khi tăng số lớp truyền tin, hiện tượng làm mịn quá mức (Over-smoothing), được Oono & Suzuki  [36] chứng minh tại ICLR 2020 dưới các điều kiện phổ ma trận kề chuẩn hóa và hàm kích hoạt không âm trên kiến trúc GCN sâu, khiến biểu diễn các đỉnh hội tụ theo hàm mũ về một không gian con giới hạn và mất dần năng lực phân tách; trong khi đó, hiện tượng nghẽn cổ chai thông tin (Over-squashing), được Alon & Yahav  [37] phân tích tại ICLR 2021, xuất hiện khi kích thước vùng lân cận k-hop tăng nhanh và lượng thông tin từ nhiều nguồn phải truyền qua các nút cổ chai hoặc lát cắt hẹp để nén vào một vector trạng thái có kích thước cố định, khiến các tín hiệu bất thường quan trọng từ xa dễ bị hòa lẫn hoặc suy giảm. Hai hiện tượng này mang bản chất toán học độc lập và cần được xử lý bằng các cơ chế kiến trúc riêng biệt.",Alon2021OverSquashing,On the Bottleneck of Graph Neural Networks and its Practical Implications,SUPPORTED,"Chứng minh và mô hình hóa hiện tượng nghẽn cổ chai thông tin (Over-squashing) trong GNN: số lượng nút trong vùng tiếp nhận mở rộng theo cấp số nhân nhưng bị nén vào vector có kích thước cố định, làm suy giảm khả năng truyền thông tin tầm xa.","Abstract, Section 2 (Information Bottleneck & Over-squashing), Section 3 (Analytical Bound)",NONE
OCC-0101,p_178,"Tại Việt Nam, các nghiên cứu chuyên sâu của ThS. Nguyễn Thị Thu Thủy (Khoa An toàn thông tin, Học viện Kỹ thuật Mật mã)  [38] cũng đã hệ thống hóa phương pháp luận ứng dụng Graph Learning và mạng nơ-ron đồ thị (Graph Neural Network, GNN) trên đồ thị nguồn gốc để phát hiện các chiến dịch tấn công APT đa giai đoạn; đồng thời phân tích sâu sắc các thách thức về hiện tượng bùng nổ phụ thuộc, tính đa góc nhìn và yêu cầu bảo toàn tính nhân quả khi phân tích luồng sự kiện kiểm toán hệ thống.",Nguyen2026APTGraphLearning,Phát hiện tấn công APT dựa trên Graph Learning (Phần 2),SUPPORTED,"Khảo cứu chuyên sâu của ThS. Nguyễn Thị Thu Thủy (Khoa An toàn thông tin, Học viện Kỹ thuật Mật mã) về ứng dụng học biểu diễn đồ thị trong phát hiện tấn công APT trên dữ liệu đồ thị nguồn gốc doanh nghiệp.","Section 1 (Tổng quan), Section 3 (Mô hình hóa đồ thị nguồn gốc doanh nghiệp), Section 4 (Phương pháp học)",NONE
OCC-0102,p_185,"Kết quả khảo sát và phân tích đối chiếu ba nhóm phương pháp biểu diễn đặc trưng log tại Mục 1.2 cho thấy dù các kỹ thuật thống kê, mô hình chuỗi ngữ nghĩa và học biểu diễn đồ thị nguồn gốc đã giải quyết được từng khía cạnh phân tích riêng lẻ, việc triển khai chúng vào môi trường giám sát an ninh mạng doanh nghiệp thực tế vẫn bộc lộ các mâu thuẫn cơ bản về mặt biểu diễn  [3],  [5],  [1],  [10]. Để xác định phạm vi nghiên cứu và làm rõ cơ chế cần hoàn thiện, chuyên đề tổng hợp năm khoảng trống nghiên cứu kèm theo năm câu hỏi nghiên cứu tương ứng làm định hướng cho các đề xuất phương pháp luận tiếp theo:",Inam2023ProvenanceSoK,SoK: History is a Vast Early Warning System: Auditing the Provenance of System Intrusions,SUPPORTED,"Công trình SoK kinh điển hệ thống hóa toàn diện về đồ thị nguồn gốc hệ thống (System Provenance Graphs), viễn trắc kiểm toán mức nhân Linux (Auditd/eBPF), bùng nổ phụ thuộc nhân quả, hành vi APT phi tuyến tính và nhiễu quản trị.","Section I, Section II (Provenance & Syscalls), Section III (Attack Representation & APTs), Section IV (Dependency Explosion), Table 1",NONE
OCC-0103,p_185,"Kết quả khảo sát và phân tích đối chiếu ba nhóm phương pháp biểu diễn đặc trưng log tại Mục 1.2 cho thấy dù các kỹ thuật thống kê, mô hình chuỗi ngữ nghĩa và học biểu diễn đồ thị nguồn gốc đã giải quyết được từng khía cạnh phân tích riêng lẻ, việc triển khai chúng vào môi trường giám sát an ninh mạng doanh nghiệp thực tế vẫn bộc lộ các mâu thuẫn cơ bản về mặt biểu diễn  [3],  [5],  [1],  [10]. Để xác định phạm vi nghiên cứu và làm rõ cơ chế cần hoàn thiện, chuyên đề tổng hợp năm khoảng trống nghiên cứu kèm theo năm câu hỏi nghiên cứu tương ứng làm định hướng cho các đề xuất phương pháp luận tiếp theo:",Liu2025DatasetQualityLogs,What We Talk About When We Talk About Logs: Understanding the Effects of Dataset Quality on Endpoint Threat Detection Research,SUPPORTED,"Khảo sát và định lượng các thách thức chất lượng dữ liệu log: tỷ lệ mất cân bằng cực đoan (<0.01% độc hại), nhiễu nền, tạo nhãn giả tạo trong môi trường lab và sự suy giảm hiệu năng do phân chia dữ liệu sai.","Section 1 (Challenges), Section 3 (Characterization & Imbalance), Section 4 (Data Quality Pitfalls), Table 2",NONE
OCC-0104,p_185,"Kết quả khảo sát và phân tích đối chiếu ba nhóm phương pháp biểu diễn đặc trưng log tại Mục 1.2 cho thấy dù các kỹ thuật thống kê, mô hình chuỗi ngữ nghĩa và học biểu diễn đồ thị nguồn gốc đã giải quyết được từng khía cạnh phân tích riêng lẻ, việc triển khai chúng vào môi trường giám sát an ninh mạng doanh nghiệp thực tế vẫn bộc lộ các mâu thuẫn cơ bản về mặt biểu diễn  [3],  [5],  [1],  [10]. Để xác định phạm vi nghiên cứu và làm rõ cơ chế cần hoàn thiện, chuyên đề tổng hợp năm khoảng trống nghiên cứu kèm theo năm câu hỏi nghiên cứu tương ứng làm định hướng cho các đề xuất phương pháp luận tiếp theo:",Zhu2019LogParsing,Tools and Benchmarks for Automated Log Parsing,SUPPORTED,"Cung cấp khung đối chuẩn thực nghiệm và đánh giá toàn diện các thuật toán phân tích cú pháp log (Drain, Spell, AEL, LenMa, IPLoM,...), xác lập đặc tính kỹ thuật, độ chính xác và độ phức tạp tính toán O(N).","Section III (Log Parsers), Section IV (Evaluation), Table II, Table III",NONE
OCC-0105,p_185,"Kết quả khảo sát và phân tích đối chiếu ba nhóm phương pháp biểu diễn đặc trưng log tại Mục 1.2 cho thấy dù các kỹ thuật thống kê, mô hình chuỗi ngữ nghĩa và học biểu diễn đồ thị nguồn gốc đã giải quyết được từng khía cạnh phân tích riêng lẻ, việc triển khai chúng vào môi trường giám sát an ninh mạng doanh nghiệp thực tế vẫn bộc lộ các mâu thuẫn cơ bản về mặt biểu diễn  [3],  [5],  [1],  [10]. Để xác định phạm vi nghiên cứu và làm rõ cơ chế cần hoàn thiện, chuyên đề tổng hợp năm khoảng trống nghiên cứu kèm theo năm câu hỏi nghiên cứu tương ứng làm định hướng cho các đề xuất phương pháp luận tiếp theo:",Arp2022DosDonts,Dos and Don'ts of Machine Learning in Computer Security,SUPPORTED,"Bài báo tổng kết kinh điển tại USENIX Security 2022 về 10 cạm bẫy phương pháp luận trong ML an ninh mạng: rò rỉ phân vùng (snooping), tương quan giả, trôi dạt phân phối, và yêu cầu đánh giá đóng băng tham số (Frozen Linear Probing).","Section 2 (Pitfalls), Section 3 (P1: Sampling Bias, P2: Snooping), Section 4 (P4: Lab vs Real-world & Drift), Table 1",NONE
OCC-0106,p_187,"Dữ liệu thực nghiệm từ các nghiên cứu tiền nhiệm chỉ ra rằng các bộ phân tích cú pháp đóng vai trò giảm số chiều từ vựng bùng nổ của nhật ký hệ thống bằng cách gom cụm văn bản thành các khuôn mẫu định dạng tĩnh  [1],  [2]. Tuy nhiên, cơ chế trừu tượng hóa tham số phụ thuộc vào từng thuật toán phân tích cú pháp; nhiều quy trình tiền xử lý thay thế các tham số biến động (như địa chỉ IP, tên tài khoản, đường dẫn tệp tin và tham số dòng lệnh) thành các ký tự đại diện nhằm tạo ra các mẫu log dùng chung.",Zhu2019LogParsing,Tools and Benchmarks for Automated Log Parsing,SUPPORTED,"Cung cấp khung đối chuẩn thực nghiệm và đánh giá toàn diện các thuật toán phân tích cú pháp log (Drain, Spell, AEL, LenMa, IPLoM,...), xác lập đặc tính kỹ thuật, độ chính xác và độ phức tạp tính toán O(N).","Section III (Log Parsers), Section IV (Evaluation), Table II, Table III",NONE
OCC-0107,p_187,"Dữ liệu thực nghiệm từ các nghiên cứu tiền nhiệm chỉ ra rằng các bộ phân tích cú pháp đóng vai trò giảm số chiều từ vựng bùng nổ của nhật ký hệ thống bằng cách gom cụm văn bản thành các khuôn mẫu định dạng tĩnh  [1],  [2]. Tuy nhiên, cơ chế trừu tượng hóa tham số phụ thuộc vào từng thuật toán phân tích cú pháp; nhiều quy trình tiền xử lý thay thế các tham số biến động (như địa chỉ IP, tên tài khoản, đường dẫn tệp tin và tham số dòng lệnh) thành các ký tự đại diện nhằm tạo ra các mẫu log dùng chung.",Jiang2024LogParsingEval,A Large-Scale Evaluation for Log Parsing Techniques: How Far Are We?,SUPPORTED,"Khảo sát và đánh giá thực nghiệm quy mô lớn 16 bộ phân tích cú pháp trên 16 bộ dữ liệu log, chứng minh giới hạn về độ bền vững, khả năng xử lý log chưa từng thấy và rào cản lan truyền sai số.","Section 1, Section 4 (Empirical Evaluation), Section 5 (Practical Implications), Table 4, Table 5",NONE
OCC-0108,p_188,"Giới hạn quan trọng chưa được giải quyết là sự tương đương về mặt cú pháp mẫu nhật ký không đồng nghĩa với sự tương đương về mặt ngữ nghĩa an ninh  [4],  [5]. Một mẫu thông báo xác thực thất bại phát sinh từ tài khoản quản trị viên root trong mạng nội bộ mang ý nghĩa an ninh khác hoàn toàn so với cùng thông báo đó phát sinh từ tài khoản người dùng thông thường; tương tự, hai lệnh gọi powershell.exe thực thi bảo trì định kỳ và tải mã độc mã hóa base64 đều có thể bị ánh xạ về cùng một mã định danh sự kiện tiến trình.",Michael2020ForensicValidity,On the Forensic Validity of Approximated Audit Logs,SUPPORTED,Chỉ ra sự tương đương về mặt cú pháp mẫu log không đồng nghĩa với sự tương đương về ngữ nghĩa an ninh và quan hệ nhân quả thực tế.,Section 4.1 & Section 6 (Semantic vs Syntactic Validity),NONE
OCC-0109,p_188,"Giới hạn quan trọng chưa được giải quyết là sự tương đương về mặt cú pháp mẫu nhật ký không đồng nghĩa với sự tương đương về mặt ngữ nghĩa an ninh  [4],  [5]. Một mẫu thông báo xác thực thất bại phát sinh từ tài khoản quản trị viên root trong mạng nội bộ mang ý nghĩa an ninh khác hoàn toàn so với cùng thông báo đó phát sinh từ tài khoản người dùng thông thường; tương tự, hai lệnh gọi powershell.exe thực thi bảo trì định kỳ và tải mã độc mã hóa base64 đều có thể bị ánh xạ về cùng một mã định danh sự kiện tiến trình.",Liu2025DatasetQualityLogs,What We Talk About When We Talk About Logs: Understanding the Effects of Dataset Quality on Endpoint Threat Detection Research,SUPPORTED,"Khảo sát và định lượng các thách thức chất lượng dữ liệu log: tỷ lệ mất cân bằng cực đoan (<0.01% độc hại), nhiễu nền, tạo nhãn giả tạo trong môi trường lab và sự suy giảm hiệu năng do phân chia dữ liệu sai.","Section 1 (Challenges), Section 3 (Characterization & Imbalance), Section 4 (Data Quality Pitfalls), Table 2",NONE
OCC-0110,p_192,"Hoạt động của một hệ thống có thể được quan sát qua nhiều lăng kính dữ liệu dị thể: góc nhìn thống kê tần suất phản ánh mật độ sự kiện  [1], góc nhìn chuỗi sự kiện phản ánh trật tự thời gian cục bộ  [23],  [24], và góc nhìn đồ thị nguồn gốc phản ánh cấu trúc phụ thuộc thực thi giữa các thực thể  [3],  [7],  [11]. Việc kết hợp đồng thời các góc nhìn này hướng tới mục tiêu cung cấp đầy đủ ngữ cảnh về toàn bộ chuỗi hành vi tấn công.",Zhu2019LogParsing,Tools and Benchmarks for Automated Log Parsing,SUPPORTED,Góc nhìn thống kê tần suất phản ánh mật độ phân bố và tần suất xuất hiện của các mã sự kiện log.,Section IV.B (Frequency Analysis),NONE
OCC-0111,p_192,"Hoạt động của một hệ thống có thể được quan sát qua nhiều lăng kính dữ liệu dị thể: góc nhìn thống kê tần suất phản ánh mật độ sự kiện  [1], góc nhìn chuỗi sự kiện phản ánh trật tự thời gian cục bộ  [23],  [24], và góc nhìn đồ thị nguồn gốc phản ánh cấu trúc phụ thuộc thực thi giữa các thực thể  [3],  [7],  [11]. Việc kết hợp đồng thời các góc nhìn này hướng tới mục tiêu cung cấp đầy đủ ngữ cảnh về toàn bộ chuỗi hành vi tấn công.",Du2017DeepLog,DeepLog: Anomaly Detection and Diagnosis from System Logs through Deep Learning,SUPPORTED,Công trình tiên phong áp dụng mạng nơ-ron hồi quy LSTM trong phát hiện bất thường log: mô hình hóa chuỗi log key theo phân phối có điều kiện P(k_t | k_{t-h}...k_{t-1}) và kiểm soát bất thường giá trị tham số bằng mô hình Gaussian nhiều chiều.,"Section 1, Section 3 (Log Key Anomaly Detection via LSTM), Section 4 (Parameter Value Anomaly Detection), Figure 2",NONE
OCC-0112,p_192,"Hoạt động của một hệ thống có thể được quan sát qua nhiều lăng kính dữ liệu dị thể: góc nhìn thống kê tần suất phản ánh mật độ sự kiện  [1], góc nhìn chuỗi sự kiện phản ánh trật tự thời gian cục bộ  [23],  [24], và góc nhìn đồ thị nguồn gốc phản ánh cấu trúc phụ thuộc thực thi giữa các thực thể  [3],  [7],  [11]. Việc kết hợp đồng thời các góc nhìn này hướng tới mục tiêu cung cấp đầy đủ ngữ cảnh về toàn bộ chuỗi hành vi tấn công.",Guo2021LogBERT,LogBERT: Log Anomaly Detection via BERT,SUPPORTED,Ứng dụng mô hình ngôn ngữ BERT cho chuỗi log: đề xuất tác vụ dự đoán log key bị che (Masked Log Key Prediction - MLKP) kết hợp hàm mục tiêu co thể tích siêu cầu (Hypersphere Volume Minimization) để học ranh giới hành vi bình thường.,"Section I, Section III (Methodology: MLKP & Objective), Section IV (Experiments), Figure 1",NONE
OCC-0113,p_192,"Hoạt động của một hệ thống có thể được quan sát qua nhiều lăng kính dữ liệu dị thể: góc nhìn thống kê tần suất phản ánh mật độ sự kiện  [1], góc nhìn chuỗi sự kiện phản ánh trật tự thời gian cục bộ  [23],  [24], và góc nhìn đồ thị nguồn gốc phản ánh cấu trúc phụ thuộc thực thi giữa các thực thể  [3],  [7],  [11]. Việc kết hợp đồng thời các góc nhìn này hướng tới mục tiêu cung cấp đầy đủ ngữ cảnh về toàn bộ chuỗi hành vi tấn công.",Inam2023ProvenanceSoK,SoK: History is a Vast Early Warning System: Auditing the Provenance of System Intrusions,SUPPORTED,"Công trình SoK kinh điển hệ thống hóa toàn diện về đồ thị nguồn gốc hệ thống (System Provenance Graphs), viễn trắc kiểm toán mức nhân Linux (Auditd/eBPF), bùng nổ phụ thuộc nhân quả, hành vi APT phi tuyến tính và nhiễu quản trị.","Section I, Section II (Provenance & Syscalls), Section III (Attack Representation & APTs), Section IV (Dependency Explosion), Table 1",NONE
OCC-0114,p_192,"Hoạt động của một hệ thống có thể được quan sát qua nhiều lăng kính dữ liệu dị thể: góc nhìn thống kê tần suất phản ánh mật độ sự kiện  [1], góc nhìn chuỗi sự kiện phản ánh trật tự thời gian cục bộ  [23],  [24], và góc nhìn đồ thị nguồn gốc phản ánh cấu trúc phụ thuộc thực thi giữa các thực thể  [3],  [7],  [11]. Việc kết hợp đồng thời các góc nhìn này hướng tới mục tiêu cung cấp đầy đủ ngữ cảnh về toàn bộ chuỗi hành vi tấn công.",Zipperle2022PIDSSurvey,Provenance-based Intrusion Detection Systems: A Survey,SUPPORTED,"Khảo cứu toàn diện về các hệ thống phát hiện xâm nhập dựa trên đồ thị nguồn gốc (PIDS): phân loại các tiếp cận dựa trên đồ thị, chuỗi và tập luật; phân tích sự đánh đổi giữa độ giàu ngữ cảnh và chi phí tính toán.","Section 1, Section 2 (Provenance Data Model & Capture), Section 4 (Anomaly Detection Approaches), Table 3",NONE
OCC-0115,p_192,"Hoạt động của một hệ thống có thể được quan sát qua nhiều lăng kính dữ liệu dị thể: góc nhìn thống kê tần suất phản ánh mật độ sự kiện  [1], góc nhìn chuỗi sự kiện phản ánh trật tự thời gian cục bộ  [23],  [24], và góc nhìn đồ thị nguồn gốc phản ánh cấu trúc phụ thuộc thực thi giữa các thực thể  [3],  [7],  [11]. Việc kết hợp đồng thời các góc nhìn này hướng tới mục tiêu cung cấp đầy đủ ngữ cảnh về toàn bộ chuỗi hành vi tấn công.",Han2020UNICORN,UNICORN: Runtime Provenance-Based Detector for Advanced Persistent Threats,SUPPORTED,"Đề xuất hệ thống PIDS thời gian thực UNICORN sử dụng thuật toán băm cây con Weisfeiler-Lehman để tóm tắt đồ thị nguồn gốc động thành histogram dòng (HistoGraph), tối ưu hóa bộ nhớ cho môi trường luồng.","Section 1, Section 3 (Design & Graph Sketching), Section 4 (Streaming Histogram & WL), Section 6",NONE
OCC-0116,p_193,"Khi đưa các góc nhìn dị thể này vào không gian vector tiềm ẩn chung qua các hàm mất mát tự giám sát, mô hình đối mặt với nguy cơ sụp đổ chiều biểu diễn, tức xu hướng ánh xạ mọi đầu vào thành các vector hằng số tầm thường, vốn đòi hỏi cơ chế điều hòa phương sai và hiệp phương sai để duy trì độ đa dạng không gian  [12],  [13]; bên cạnh đó, việc gióng hàng trong môi trường an ninh mạng còn gặp phải hai trở ngại thực tế: Một là, rủi ro chuyển giao tiêu cực, xảy ra khi nhiễu từ chuỗi sự kiện lấn át hoặc làm suy giảm tín hiệu cấu trúc phụ thuộc thực thi của đồ thị nguồn gốc; Hai là, hiện tượng dữ liệu bị khuyết hoặc tương ứng từng phần, phát sinh do độ trễ truyền thông, gói tin bị thất thoát hoặc thiếu liên kết 1–1 đồng thời giữa các luồng thu thập.",Bardes2022VICReg,VICReg: Variance-Invariance-Covariance Regularization for Self-Supervised Learning,SUPPORTED,"Chứng minh cơ chế điều hòa phương sai dạng bản lề v(Z) ép độ lệch chuẩn của từng chiều vector vượt ngưỡng gamma, ngăn chặn triệt để sụp đổ biểu diễn (collapse).",Section 2.1 (Variance Regularization),NONE
OCC-0117,p_193,"Khi đưa các góc nhìn dị thể này vào không gian vector tiềm ẩn chung qua các hàm mất mát tự giám sát, mô hình đối mặt với nguy cơ sụp đổ chiều biểu diễn, tức xu hướng ánh xạ mọi đầu vào thành các vector hằng số tầm thường, vốn đòi hỏi cơ chế điều hòa phương sai và hiệp phương sai để duy trì độ đa dạng không gian  [12],  [13]; bên cạnh đó, việc gióng hàng trong môi trường an ninh mạng còn gặp phải hai trở ngại thực tế: Một là, rủi ro chuyển giao tiêu cực, xảy ra khi nhiễu từ chuỗi sự kiện lấn át hoặc làm suy giảm tín hiệu cấu trúc phụ thuộc thực thi của đồ thị nguồn gốc; Hai là, hiện tượng dữ liệu bị khuyết hoặc tương ứng từng phần, phát sinh do độ trễ truyền thông, gói tin bị thất thoát hoặc thiếu liên kết 1–1 đồng thời giữa các luồng thu thập.",Zbontar2021BarlowTwins,Barlow Twins: Self-Supervised Learning via Redundancy Reduction,SUPPORTED,"Đề xuất nguyên lý triệt tiêu dư thừa thông tin trong học tự giám sát: ép ma trận tương quan chéo giữa hai góc nhìn tiến về ma trận đơn vị, loại bỏ sự phụ thuộc giữa các chiều vector mà không cần mẫu âm.","Abstract, Section 2 (Method: Cross-Correlation Objective), Section 3, Figure 1",NONE
OCC-0118,p_197,"Công trình tổng kết của Arp et al.  [10] và Liu et al.  [5] đã cảnh báo sâu sắc về tình trạng sai lệch phương pháp luận trong nghiên cứu học máy áp dụng cho an ninh mạng. Trong bài toán trích xuất đặc trưng log, các mô hình rất dễ học phải các đặc trưng đường tắt giả định có tương quan ngẫu nhiên với nhãn độc hại trong tập huấn luyện nhưng không phản ánh bản chất tấn công thực tế.",Arp2022DosDonts,Dos and Don'ts of Machine Learning in Computer Security,SUPPORTED,"Bài báo tổng kết kinh điển tại USENIX Security 2022 về 10 cạm bẫy phương pháp luận trong ML an ninh mạng: rò rỉ phân vùng (snooping), tương quan giả, trôi dạt phân phối, và yêu cầu đánh giá đóng băng tham số (Frozen Linear Probing).","Section 2 (Pitfalls), Section 3 (P1: Sampling Bias, P2: Snooping), Section 4 (P4: Lab vs Real-world & Drift), Table 1",NONE
OCC-0119,p_197,"Công trình tổng kết của Arp et al.  [10] và Liu et al.  [5] đã cảnh báo sâu sắc về tình trạng sai lệch phương pháp luận trong nghiên cứu học máy áp dụng cho an ninh mạng. Trong bài toán trích xuất đặc trưng log, các mô hình rất dễ học phải các đặc trưng đường tắt giả định có tương quan ngẫu nhiên với nhãn độc hại trong tập huấn luyện nhưng không phản ánh bản chất tấn công thực tế.",Liu2025DatasetQualityLogs,What We Talk About When We Talk About Logs: Understanding the Effects of Dataset Quality on Endpoint Threat Detection Research,SUPPORTED,"Khảo sát và định lượng các thách thức chất lượng dữ liệu log: tỷ lệ mất cân bằng cực đoan (<0.01% độc hại), nhiễu nền, tạo nhãn giả tạo trong môi trường lab và sự suy giảm hiệu năng do phân chia dữ liệu sai.","Section 1 (Challenges), Section 3 (Characterization & Imbalance), Section 4 (Data Quality Pitfalls), Table 2",NONE
OCC-0120,p_202,"Trong thực tế giám sát an ninh mạng doanh nghiệp, dữ liệu nhãn thường chỉ được ghi nhận ở mức độ hạt rất thô, chẳng hạn như gán nhãn một phiên làm việc kéo dài nhiều giờ hoặc toàn bộ một máy chủ bị xâm nhập trong một khoảng thời gian  [5],  [14],  [16]. Bên trong phiên làm việc đó, phần lớn các dòng nhật ký vẫn là các thao tác hệ thống bình thường, và chỉ có một số lượng rất nhỏ sự kiện thực sự phản ánh kỹ thuật tấn công.",Liu2025DatasetQualityLogs,What We Talk About When We Talk About Logs: Understanding the Effects of Dataset Quality on Endpoint Threat Detection Research,SUPPORTED,"Khảo sát và định lượng các thách thức chất lượng dữ liệu log: tỷ lệ mất cân bằng cực đoan (<0.01% độc hại), nhiễu nền, tạo nhãn giả tạo trong môi trường lab và sự suy giảm hiệu năng do phân chia dữ liệu sai.","Section 1 (Challenges), Section 3 (Characterization & Imbalance), Section 4 (Data Quality Pitfalls), Table 2",NONE
OCC-0121,p_202,"Trong thực tế giám sát an ninh mạng doanh nghiệp, dữ liệu nhãn thường chỉ được ghi nhận ở mức độ hạt rất thô, chẳng hạn như gán nhãn một phiên làm việc kéo dài nhiều giờ hoặc toàn bộ một máy chủ bị xâm nhập trong một khoảng thời gian  [5],  [14],  [16]. Bên trong phiên làm việc đó, phần lớn các dòng nhật ký vẫn là các thao tác hệ thống bình thường, và chỉ có một số lượng rất nhỏ sự kiện thực sự phản ánh kỹ thuật tấn công.",DARPA2018TCE3,Transparent Computing Engagement 3 Data Release,SUPPORTED,Cung cấp dữ liệu kiểm toán hệ thống mức hạt nhân chi tiết trong chiến dịch diễn tập DARPA TC E3; ghi nhận kịch bản tấn công của đội Red Team kèm báo cáo gán nhãn thực nghiệm phục vụ đối chuẩn PIDS.,"Engagement 3 Ground Truth Report, Section 2 (Kernel Auditing), Section 3 (Red Team Scenarios)",NONE
OCC-0122,p_202,"Trong thực tế giám sát an ninh mạng doanh nghiệp, dữ liệu nhãn thường chỉ được ghi nhận ở mức độ hạt rất thô, chẳng hạn như gán nhãn một phiên làm việc kéo dài nhiều giờ hoặc toàn bộ một máy chủ bị xâm nhập trong một khoảng thời gian  [5],  [14],  [16]. Bên trong phiên làm việc đó, phần lớn các dòng nhật ký vẫn là các thao tác hệ thống bình thường, và chỉ có một số lượng rất nhỏ sự kiện thực sự phản ánh kỹ thuật tấn công.",Kent2015LANL,"Comprehensive, Multi-Source Cyber-Security Events",SUPPORTED,"Bộ dữ liệu viễn trắc an ninh mạng doanh nghiệp quy mô lớn từ Phòng thí nghiệm Quốc gia Los Alamos (LANL): hơn 1.6 tỷ sự kiện xác thực, tiến trình và luồng mạng, kèm tập nhãn tấn công redteam.txt theo mốc thời gian và tài khoản.","Section 2 (Data Description: Auth, Process, Flow), Section 3 (Red Team Events & Ground Truth)",NONE
OCC-0123,p_203,"Thách thức này càng trở nên phức tạp do sự xuất hiện liên tục của hành vi quản trị viên hệ thống  [3],  [5]. Các kỹ sư quản trị thường xuyên thực thi các lệnh bảo trì, chẩn đoán mạng hoặc sao lưu dữ liệu bằng các công cụ dòng lệnh hợp lệ của hệ điều hành như PowerShell, WMI hay SSH. Những hành vi này chia sẻ cùng cú pháp câu lệnh và quyền thực thi với các kỹ thuật tấn công lợi dụng công cụ sẵn có nhưng hoàn toàn mang mục đích vận hành hợp pháp. Một hành vi bất thường hoặc ít xuất hiện không tự thân đồng nghĩa với hành vi tấn công độc hại.",Inam2023ProvenanceSoK,SoK: History is a Vast Early Warning System: Auditing the Provenance of System Intrusions,SUPPORTED,Chỉ ra thách thức từ nhiễu quản trị viên (Admin-Noise): các lệnh hợp lệ có hành vi tương tự APT gây khó khăn cho việc phân tách.,Section IV.C & Section V.B (Admin Noise & Confounding Factors),NONE
OCC-0124,p_203,"Thách thức này càng trở nên phức tạp do sự xuất hiện liên tục của hành vi quản trị viên hệ thống  [3],  [5]. Các kỹ sư quản trị thường xuyên thực thi các lệnh bảo trì, chẩn đoán mạng hoặc sao lưu dữ liệu bằng các công cụ dòng lệnh hợp lệ của hệ điều hành như PowerShell, WMI hay SSH. Những hành vi này chia sẻ cùng cú pháp câu lệnh và quyền thực thi với các kỹ thuật tấn công lợi dụng công cụ sẵn có nhưng hoàn toàn mang mục đích vận hành hợp pháp. Một hành vi bất thường hoặc ít xuất hiện không tự thân đồng nghĩa với hành vi tấn công độc hại.",Liu2025DatasetQualityLogs,What We Talk About When We Talk About Logs: Understanding the Effects of Dataset Quality on Endpoint Threat Detection Research,SUPPORTED,"Khảo sát và định lượng các thách thức chất lượng dữ liệu log: tỷ lệ mất cân bằng cực đoan (<0.01% độc hại), nhiễu nền, tạo nhãn giả tạo trong môi trường lab và sự suy giảm hiệu năng do phân chia dữ liệu sai.","Section 1 (Challenges), Section 3 (Characterization & Imbalance), Section 4 (Data Quality Pitfalls), Table 2",NONE
OCC-0125,p_207,"Nhiệm vụ phát hiện và điều tra các cuộc tấn công APT kéo dài đòi hỏi mô hình học biểu diễn phải duy trì khả năng liên kết có kiểm soát giữa các chuỗi hành vi của cùng một thực thể như người dùng, máy chủ và tiến trình qua nhiều mốc thời gian khác nhau  [3],  [7].",Inam2023ProvenanceSoK,SoK: History is a Vast Early Warning System: Auditing the Provenance of System Intrusions,SUPPORTED,"Công trình SoK kinh điển hệ thống hóa toàn diện về đồ thị nguồn gốc hệ thống (System Provenance Graphs), viễn trắc kiểm toán mức nhân Linux (Auditd/eBPF), bùng nổ phụ thuộc nhân quả, hành vi APT phi tuyến tính và nhiễu quản trị.","Section I, Section II (Provenance & Syscalls), Section III (Attack Representation & APTs), Section IV (Dependency Explosion), Table 1",NONE
OCC-0126,p_207,"Nhiệm vụ phát hiện và điều tra các cuộc tấn công APT kéo dài đòi hỏi mô hình học biểu diễn phải duy trì khả năng liên kết có kiểm soát giữa các chuỗi hành vi của cùng một thực thể như người dùng, máy chủ và tiến trình qua nhiều mốc thời gian khác nhau  [3],  [7].",Zipperle2022PIDSSurvey,Provenance-based Intrusion Detection Systems: A Survey,SUPPORTED,"Khảo cứu toàn diện về các hệ thống phát hiện xâm nhập dựa trên đồ thị nguồn gốc (PIDS): phân loại các tiếp cận dựa trên đồ thị, chuỗi và tập luật; phân tích sự đánh đổi giữa độ giàu ngữ cảnh và chi phí tính toán.","Section 1, Section 2 (Provenance Data Model & Capture), Section 4 (Anomaly Detection Approaches), Table 3",NONE
OCC-0127,p_208,"Tuy nhiên, việc lưu giữ khả năng liên kết này trong không gian vector biểu diễn trực tiếp làm nảy sinh các nguy cơ nghiêm trọng về quyền riêng tư và an toàn thông tin  [18],  [20],  [19]. Các vector biểu diễn đặc trưng tiềm ẩn có nguy cơ bị kẻ tấn công khai thác thông qua các kỹ thuật tấn công suy luận thành viên (Membership Inference Attacks - MIA  [18]) để xác định xem dữ liệu của một thực thể có nằm trong tập huấn luyện hay không. Về mặt lý thuyết nguồn gốc, nghiên cứu kinh điển của Fredrikson et al.  [19] đã chứng minh tấn công nghịch đảo mô hình có thể khai thác thông tin đầu ra và độ tin cậy để suy diễn lại các đặc trưng nhạy cảm của dữ liệu đầu vào. Trong bối cảnh mô hình biểu diễn nhật ký của đề tài theo mô hình đe dọa thích ứng do nghiên cứu đề xuất, các định danh như tên người dùng, tên máy chủ và chuỗi đối số dòng lệnh là các thuộc tính nhạy cảm tiềm năng cần phải kiểm thử thực nghiệm trước nguy cơ bị khôi phục hoặc xấp xỉ từ không gian vector biểu diễn. Một mô hình được thiết kế có nhận thức về quyền riêng tư không tự động đồng nghĩa với việc đã đạt được khả năng bảo vệ quyền riêng tư; các quy trình kiểm thử tấn công MIA  [18] và đảo ngược mô hình  [19], cũng như quy trình đánh giá quyền riêng tư vi sai theo hướng dẫn NIST SP 800-226  [20], được định vị là phép kiểm tra hạ nguồn và chưa được thực thi trong phạm vi thực nghiệm hiện tại.",Shokri2017MembershipInference,Membership Inference Attacks Against Machine Learning Models,SUPPORTED,Công trình đặt nền móng cho tấn công suy luận thành viên (Membership Inference Attack - MIA): sử dụng mô hình bóng (shadow models) để suy đoán một mẫu dữ liệu có thuộc tập huấn luyện hay không từ phân phối đầu ra/vector tiềm ẩn.,"Section I, Section III (Attack Methodology & Shadow Models), Section V (Evaluation & Privacy Risks)",NONE
OCC-0128,p_208,"Tuy nhiên, việc lưu giữ khả năng liên kết này trong không gian vector biểu diễn trực tiếp làm nảy sinh các nguy cơ nghiêm trọng về quyền riêng tư và an toàn thông tin  [18],  [20],  [19]. Các vector biểu diễn đặc trưng tiềm ẩn có nguy cơ bị kẻ tấn công khai thác thông qua các kỹ thuật tấn công suy luận thành viên (Membership Inference Attacks - MIA  [18]) để xác định xem dữ liệu của một thực thể có nằm trong tập huấn luyện hay không. Về mặt lý thuyết nguồn gốc, nghiên cứu kinh điển của Fredrikson et al.  [19] đã chứng minh tấn công nghịch đảo mô hình có thể khai thác thông tin đầu ra và độ tin cậy để suy diễn lại các đặc trưng nhạy cảm của dữ liệu đầu vào. Trong bối cảnh mô hình biểu diễn nhật ký của đề tài theo mô hình đe dọa thích ứng do nghiên cứu đề xuất, các định danh như tên người dùng, tên máy chủ và chuỗi đối số dòng lệnh là các thuộc tính nhạy cảm tiềm năng cần phải kiểm thử thực nghiệm trước nguy cơ bị khôi phục hoặc xấp xỉ từ không gian vector biểu diễn. Một mô hình được thiết kế có nhận thức về quyền riêng tư không tự động đồng nghĩa với việc đã đạt được khả năng bảo vệ quyền riêng tư; các quy trình kiểm thử tấn công MIA  [18] và đảo ngược mô hình  [19], cũng như quy trình đánh giá quyền riêng tư vi sai theo hướng dẫn NIST SP 800-226  [20], được định vị là phép kiểm tra hạ nguồn và chưa được thực thi trong phạm vi thực nghiệm hiện tại.",NIST2025SP800226,Guidelines for Evaluating Differential Privacy Guarantees (NIST SP 800-226),SUPPORTED,"Tài liệu hướng dẫn chính thức của Viện Tiêu chuẩn và Công nghệ Quốc gia Hoa Kỳ (NIST) về đánh giá và định lượng các bảo đảm toán học của quyền riêng tư vi sai (Differential Privacy - DP), ngân sách quyền riêng tư epsilon và delta.","Section 2 (Fundamentals of Differential Privacy), Section 3 (Evaluating Guarantees), Section 4 (Privacy Auditing)",NONE
OCC-0129,p_208,"Tuy nhiên, việc lưu giữ khả năng liên kết này trong không gian vector biểu diễn trực tiếp làm nảy sinh các nguy cơ nghiêm trọng về quyền riêng tư và an toàn thông tin  [18],  [20],  [19]. Các vector biểu diễn đặc trưng tiềm ẩn có nguy cơ bị kẻ tấn công khai thác thông qua các kỹ thuật tấn công suy luận thành viên (Membership Inference Attacks - MIA  [18]) để xác định xem dữ liệu của một thực thể có nằm trong tập huấn luyện hay không. Về mặt lý thuyết nguồn gốc, nghiên cứu kinh điển của Fredrikson et al.  [19] đã chứng minh tấn công nghịch đảo mô hình có thể khai thác thông tin đầu ra và độ tin cậy để suy diễn lại các đặc trưng nhạy cảm của dữ liệu đầu vào. Trong bối cảnh mô hình biểu diễn nhật ký của đề tài theo mô hình đe dọa thích ứng do nghiên cứu đề xuất, các định danh như tên người dùng, tên máy chủ và chuỗi đối số dòng lệnh là các thuộc tính nhạy cảm tiềm năng cần phải kiểm thử thực nghiệm trước nguy cơ bị khôi phục hoặc xấp xỉ từ không gian vector biểu diễn. Một mô hình được thiết kế có nhận thức về quyền riêng tư không tự động đồng nghĩa với việc đã đạt được khả năng bảo vệ quyền riêng tư; các quy trình kiểm thử tấn công MIA  [18] và đảo ngược mô hình  [19], cũng như quy trình đánh giá quyền riêng tư vi sai theo hướng dẫn NIST SP 800-226  [20], được định vị là phép kiểm tra hạ nguồn và chưa được thực thi trong phạm vi thực nghiệm hiện tại.",Fredrikson2015ModelInversion,Model Inversion Attacks that Exploit Confidence Information and Basic Countermeasures,SUPPORTED,Công trình kinh điển chứng minh tính khả thi của tấn công nghịch đảo mô hình (Model Inversion Attack): tái dựng các thuộc tính nhạy cảm và thông tin định danh cá nhân (PII) từ vector biểu diễn hoặc điểm số đầu ra của mô hình.,"Section 1, Section 3 (Model Inversion Algorithm), Section 5 (Empirical Evaluation)",NONE
OCC-0130,p_208,"Tuy nhiên, việc lưu giữ khả năng liên kết này trong không gian vector biểu diễn trực tiếp làm nảy sinh các nguy cơ nghiêm trọng về quyền riêng tư và an toàn thông tin  [18],  [20],  [19]. Các vector biểu diễn đặc trưng tiềm ẩn có nguy cơ bị kẻ tấn công khai thác thông qua các kỹ thuật tấn công suy luận thành viên (Membership Inference Attacks - MIA  [18]) để xác định xem dữ liệu của một thực thể có nằm trong tập huấn luyện hay không. Về mặt lý thuyết nguồn gốc, nghiên cứu kinh điển của Fredrikson et al.  [19] đã chứng minh tấn công nghịch đảo mô hình có thể khai thác thông tin đầu ra và độ tin cậy để suy diễn lại các đặc trưng nhạy cảm của dữ liệu đầu vào. Trong bối cảnh mô hình biểu diễn nhật ký của đề tài theo mô hình đe dọa thích ứng do nghiên cứu đề xuất, các định danh như tên người dùng, tên máy chủ và chuỗi đối số dòng lệnh là các thuộc tính nhạy cảm tiềm năng cần phải kiểm thử thực nghiệm trước nguy cơ bị khôi phục hoặc xấp xỉ từ không gian vector biểu diễn. Một mô hình được thiết kế có nhận thức về quyền riêng tư không tự động đồng nghĩa với việc đã đạt được khả năng bảo vệ quyền riêng tư; các quy trình kiểm thử tấn công MIA  [18] và đảo ngược mô hình  [19], cũng như quy trình đánh giá quyền riêng tư vi sai theo hướng dẫn NIST SP 800-226  [20], được định vị là phép kiểm tra hạ nguồn và chưa được thực thi trong phạm vi thực nghiệm hiện tại.",Shokri2017MembershipInference,Membership Inference Attacks Against Machine Learning Models,SUPPORTED,Công trình đặt nền móng cho tấn công suy luận thành viên (Membership Inference Attack - MIA): sử dụng mô hình bóng (shadow models) để suy đoán một mẫu dữ liệu có thuộc tập huấn luyện hay không từ phân phối đầu ra/vector tiềm ẩn.,"Section I, Section III (Attack Methodology & Shadow Models), Section V (Evaluation & Privacy Risks)",NONE
OCC-0131,p_208,"Tuy nhiên, việc lưu giữ khả năng liên kết này trong không gian vector biểu diễn trực tiếp làm nảy sinh các nguy cơ nghiêm trọng về quyền riêng tư và an toàn thông tin  [18],  [20],  [19]. Các vector biểu diễn đặc trưng tiềm ẩn có nguy cơ bị kẻ tấn công khai thác thông qua các kỹ thuật tấn công suy luận thành viên (Membership Inference Attacks - MIA  [18]) để xác định xem dữ liệu của một thực thể có nằm trong tập huấn luyện hay không. Về mặt lý thuyết nguồn gốc, nghiên cứu kinh điển của Fredrikson et al.  [19] đã chứng minh tấn công nghịch đảo mô hình có thể khai thác thông tin đầu ra và độ tin cậy để suy diễn lại các đặc trưng nhạy cảm của dữ liệu đầu vào. Trong bối cảnh mô hình biểu diễn nhật ký của đề tài theo mô hình đe dọa thích ứng do nghiên cứu đề xuất, các định danh như tên người dùng, tên máy chủ và chuỗi đối số dòng lệnh là các thuộc tính nhạy cảm tiềm năng cần phải kiểm thử thực nghiệm trước nguy cơ bị khôi phục hoặc xấp xỉ từ không gian vector biểu diễn. Một mô hình được thiết kế có nhận thức về quyền riêng tư không tự động đồng nghĩa với việc đã đạt được khả năng bảo vệ quyền riêng tư; các quy trình kiểm thử tấn công MIA  [18] và đảo ngược mô hình  [19], cũng như quy trình đánh giá quyền riêng tư vi sai theo hướng dẫn NIST SP 800-226  [20], được định vị là phép kiểm tra hạ nguồn và chưa được thực thi trong phạm vi thực nghiệm hiện tại.",Fredrikson2015ModelInversion,Model Inversion Attacks that Exploit Confidence Information and Basic Countermeasures,SUPPORTED,Công trình kinh điển chứng minh tính khả thi của tấn công nghịch đảo mô hình (Model Inversion Attack): tái dựng các thuộc tính nhạy cảm và thông tin định danh cá nhân (PII) từ vector biểu diễn hoặc điểm số đầu ra của mô hình.,"Section 1, Section 3 (Model Inversion Algorithm), Section 5 (Empirical Evaluation)",NONE
OCC-0132,p_208,"Tuy nhiên, việc lưu giữ khả năng liên kết này trong không gian vector biểu diễn trực tiếp làm nảy sinh các nguy cơ nghiêm trọng về quyền riêng tư và an toàn thông tin  [18],  [20],  [19]. Các vector biểu diễn đặc trưng tiềm ẩn có nguy cơ bị kẻ tấn công khai thác thông qua các kỹ thuật tấn công suy luận thành viên (Membership Inference Attacks - MIA  [18]) để xác định xem dữ liệu của một thực thể có nằm trong tập huấn luyện hay không. Về mặt lý thuyết nguồn gốc, nghiên cứu kinh điển của Fredrikson et al.  [19] đã chứng minh tấn công nghịch đảo mô hình có thể khai thác thông tin đầu ra và độ tin cậy để suy diễn lại các đặc trưng nhạy cảm của dữ liệu đầu vào. Trong bối cảnh mô hình biểu diễn nhật ký của đề tài theo mô hình đe dọa thích ứng do nghiên cứu đề xuất, các định danh như tên người dùng, tên máy chủ và chuỗi đối số dòng lệnh là các thuộc tính nhạy cảm tiềm năng cần phải kiểm thử thực nghiệm trước nguy cơ bị khôi phục hoặc xấp xỉ từ không gian vector biểu diễn. Một mô hình được thiết kế có nhận thức về quyền riêng tư không tự động đồng nghĩa với việc đã đạt được khả năng bảo vệ quyền riêng tư; các quy trình kiểm thử tấn công MIA  [18] và đảo ngược mô hình  [19], cũng như quy trình đánh giá quyền riêng tư vi sai theo hướng dẫn NIST SP 800-226  [20], được định vị là phép kiểm tra hạ nguồn và chưa được thực thi trong phạm vi thực nghiệm hiện tại.",Shokri2017MembershipInference,Membership Inference Attacks Against Machine Learning Models,SUPPORTED,Công trình đặt nền móng cho tấn công suy luận thành viên (Membership Inference Attack - MIA): sử dụng mô hình bóng (shadow models) để suy đoán một mẫu dữ liệu có thuộc tập huấn luyện hay không từ phân phối đầu ra/vector tiềm ẩn.,"Section I, Section III (Attack Methodology & Shadow Models), Section V (Evaluation & Privacy Risks)",NONE
OCC-0133,p_208,"Tuy nhiên, việc lưu giữ khả năng liên kết này trong không gian vector biểu diễn trực tiếp làm nảy sinh các nguy cơ nghiêm trọng về quyền riêng tư và an toàn thông tin  [18],  [20],  [19]. Các vector biểu diễn đặc trưng tiềm ẩn có nguy cơ bị kẻ tấn công khai thác thông qua các kỹ thuật tấn công suy luận thành viên (Membership Inference Attacks - MIA  [18]) để xác định xem dữ liệu của một thực thể có nằm trong tập huấn luyện hay không. Về mặt lý thuyết nguồn gốc, nghiên cứu kinh điển của Fredrikson et al.  [19] đã chứng minh tấn công nghịch đảo mô hình có thể khai thác thông tin đầu ra và độ tin cậy để suy diễn lại các đặc trưng nhạy cảm của dữ liệu đầu vào. Trong bối cảnh mô hình biểu diễn nhật ký của đề tài theo mô hình đe dọa thích ứng do nghiên cứu đề xuất, các định danh như tên người dùng, tên máy chủ và chuỗi đối số dòng lệnh là các thuộc tính nhạy cảm tiềm năng cần phải kiểm thử thực nghiệm trước nguy cơ bị khôi phục hoặc xấp xỉ từ không gian vector biểu diễn. Một mô hình được thiết kế có nhận thức về quyền riêng tư không tự động đồng nghĩa với việc đã đạt được khả năng bảo vệ quyền riêng tư; các quy trình kiểm thử tấn công MIA  [18] và đảo ngược mô hình  [19], cũng như quy trình đánh giá quyền riêng tư vi sai theo hướng dẫn NIST SP 800-226  [20], được định vị là phép kiểm tra hạ nguồn và chưa được thực thi trong phạm vi thực nghiệm hiện tại.",Fredrikson2015ModelInversion,Model Inversion Attacks that Exploit Confidence Information and Basic Countermeasures,SUPPORTED,Công trình kinh điển chứng minh tính khả thi của tấn công nghịch đảo mô hình (Model Inversion Attack): tái dựng các thuộc tính nhạy cảm và thông tin định danh cá nhân (PII) từ vector biểu diễn hoặc điểm số đầu ra của mô hình.,"Section 1, Section 3 (Model Inversion Algorithm), Section 5 (Empirical Evaluation)",NONE
OCC-0134,p_208,"Tuy nhiên, việc lưu giữ khả năng liên kết này trong không gian vector biểu diễn trực tiếp làm nảy sinh các nguy cơ nghiêm trọng về quyền riêng tư và an toàn thông tin  [18],  [20],  [19]. Các vector biểu diễn đặc trưng tiềm ẩn có nguy cơ bị kẻ tấn công khai thác thông qua các kỹ thuật tấn công suy luận thành viên (Membership Inference Attacks - MIA  [18]) để xác định xem dữ liệu của một thực thể có nằm trong tập huấn luyện hay không. Về mặt lý thuyết nguồn gốc, nghiên cứu kinh điển của Fredrikson et al.  [19] đã chứng minh tấn công nghịch đảo mô hình có thể khai thác thông tin đầu ra và độ tin cậy để suy diễn lại các đặc trưng nhạy cảm của dữ liệu đầu vào. Trong bối cảnh mô hình biểu diễn nhật ký của đề tài theo mô hình đe dọa thích ứng do nghiên cứu đề xuất, các định danh như tên người dùng, tên máy chủ và chuỗi đối số dòng lệnh là các thuộc tính nhạy cảm tiềm năng cần phải kiểm thử thực nghiệm trước nguy cơ bị khôi phục hoặc xấp xỉ từ không gian vector biểu diễn. Một mô hình được thiết kế có nhận thức về quyền riêng tư không tự động đồng nghĩa với việc đã đạt được khả năng bảo vệ quyền riêng tư; các quy trình kiểm thử tấn công MIA  [18] và đảo ngược mô hình  [19], cũng như quy trình đánh giá quyền riêng tư vi sai theo hướng dẫn NIST SP 800-226  [20], được định vị là phép kiểm tra hạ nguồn và chưa được thực thi trong phạm vi thực nghiệm hiện tại.",NIST2025SP800226,Guidelines for Evaluating Differential Privacy Guarantees (NIST SP 800-226),SUPPORTED,"Tài liệu hướng dẫn chính thức của Viện Tiêu chuẩn và Công nghệ Quốc gia Hoa Kỳ (NIST) về đánh giá và định lượng các bảo đảm toán học của quyền riêng tư vi sai (Differential Privacy - DP), ngân sách quyền riêng tư epsilon và delta.","Section 2 (Fundamentals of Differential Privacy), Section 3 (Evaluating Guarantees), Section 4 (Privacy Auditing)",NONE
OCC-0135,p_215,"Trên cơ sở các khoảng trống phương pháp luận được xác lập tại Chương 1, Chương 2 đề xuất khung phương pháp biểu diễn đặc trưng log đa góc nhìn bảo toàn ngữ cảnh an toàn, vận hành trực tuyến trong môi trường xử lý dòng trong môi trường xử lý dòng trực tuyến. Quá trình biểu diễn bắt đầu bằng việc hình thức hóa luồng nhật ký kiểm toán hệ thống thành một chuỗi sự kiện được gán nhãn thời gian: , trong đó mỗi sự kiện  tuân thủ thống nhất lược đồ bộ sáu kiểu hóa , được đặc tả chi tiết tại Mục 2.2.1, bao gồm mốc thời gian xuất hiện sự kiện  , định danh kiểu sự kiện , thực thể tác nhân chủ động  , gồm tiến trình gốc hoặc tài khoản người dùng, thực thể đối tượng đích chịu tác động  , gồm tệp tin, cổng mạng hoặc tiến trình con, hành động/thao tác thực hiện  , như fork, execve, read, write, connect và registry_set, và tập hợp các tham số động có cấu trúc  gồm đường dẫn tệp tin, tham số dòng lệnh thực thi, cổng mạng và địa chỉ IP kết nối  [3].",Inam2023ProvenanceSoK,SoK: History is a Vast Early Warning System: Auditing the Provenance of System Intrusions,SUPPORTED,"Công trình SoK kinh điển hệ thống hóa toàn diện về đồ thị nguồn gốc hệ thống (System Provenance Graphs), viễn trắc kiểm toán mức nhân Linux (Auditd/eBPF), bùng nổ phụ thuộc nhân quả, hành vi APT phi tuyến tính và nhiễu quản trị.","Section I, Section II (Provenance & Syscalls), Section III (Attack Representation & APTs), Section IV (Dependency Explosion), Table 1",NONE
OCC-0136,p_221,"Giai đoạn C (Stage C - Đánh giá đóng băng hạ nguồn): Khóa cố định toàn bộ tham số  của bộ trích xuất biểu diễn. Đánh giá chất lượng biểu diễn thông qua giao thức đóng băng tham số (Frozen Linear Probe: ) phục vụ phân loại và quy kết chiến thuật/kỹ thuật theo phân loại MITRE ATT&CK  [6], hoặc quy trình chấm điểm bất thường không giám sát tùy chọn (Optional Downstream Zero-Shot Anomaly Scoring Protocol). Trong đó, hàm tính điểm bất thường, phép đo khoảng cách/năng lượng, phân bố nền chuẩn, phương pháp hiệu chuẩn và chính sách ngưỡng/ngân sách cảnh báo đều được thiết lập trước và khóa cố định trên phân vùng Train/Validation tại Chương 3 trước khi mở tập Test; do phân loại tuyến tính chỉ đo lường thông tin phân tách tuyến tính trực tiếp từ z, giao thức này không hàm ý khai thác toàn bộ các tương quan phi tuyến tiềm ẩn. Bộ trích xuất Extractor tuyệt đối độc lập và không phụ thuộc vào bất kỳ bộ dò Detector cụ thể nào.",MITRE2026ATTCK,MITRE ATT&CK: Enterprise Tactics and Techniques Matrix (v19.1),SUPPORTED,Khung chuẩn hóa tri thức an ninh mạng MITRE ATT&CK phân loại các chiến thuật (Tactics) và kỹ thuật (Techniques) tấn công; làm cơ sở xác lập Không gian Bằng chứng Hành vi Đa chiều và ánh xạ đa nhãn.,"Official Matrix Architecture & Philosophy, Enterprise Tactics & Techniques Overview",NONE
OCC-0137,p_235,"Trong đó lý thuyết Quyền riêng tư Vi sai (DP) đóng vai trò định lượng và chặn trên tổn thất lý thuyết dưới các giả định toán học xác định theo các hướng dẫn đánh giá của NIST SP 800-226  [20], còn rủi ro thực tế được định vị là phép kiểm tra hạ nguồn cần đánh giá thực nghiệm độc lập thông qua các quy trình kiểm thử tấn công suy luận thành viên (MIA)  [18] và tấn công nghịch đảo/tái định danh thực thể  [19].",NIST2025SP800226,Guidelines for Evaluating Differential Privacy Guarantees (NIST SP 800-226),SUPPORTED,"Tài liệu hướng dẫn chính thức của Viện Tiêu chuẩn và Công nghệ Quốc gia Hoa Kỳ (NIST) về đánh giá và định lượng các bảo đảm toán học của quyền riêng tư vi sai (Differential Privacy - DP), ngân sách quyền riêng tư epsilon và delta.","Section 2 (Fundamentals of Differential Privacy), Section 3 (Evaluating Guarantees), Section 4 (Privacy Auditing)",NONE
OCC-0138,p_235,"Trong đó lý thuyết Quyền riêng tư Vi sai (DP) đóng vai trò định lượng và chặn trên tổn thất lý thuyết dưới các giả định toán học xác định theo các hướng dẫn đánh giá của NIST SP 800-226  [20], còn rủi ro thực tế được định vị là phép kiểm tra hạ nguồn cần đánh giá thực nghiệm độc lập thông qua các quy trình kiểm thử tấn công suy luận thành viên (MIA)  [18] và tấn công nghịch đảo/tái định danh thực thể  [19].",Shokri2017MembershipInference,Membership Inference Attacks Against Machine Learning Models,SUPPORTED,Công trình đặt nền móng cho tấn công suy luận thành viên (Membership Inference Attack - MIA): sử dụng mô hình bóng (shadow models) để suy đoán một mẫu dữ liệu có thuộc tập huấn luyện hay không từ phân phối đầu ra/vector tiềm ẩn.,"Section I, Section III (Attack Methodology & Shadow Models), Section V (Evaluation & Privacy Risks)",NONE
OCC-0139,p_235,"Trong đó lý thuyết Quyền riêng tư Vi sai (DP) đóng vai trò định lượng và chặn trên tổn thất lý thuyết dưới các giả định toán học xác định theo các hướng dẫn đánh giá của NIST SP 800-226  [20], còn rủi ro thực tế được định vị là phép kiểm tra hạ nguồn cần đánh giá thực nghiệm độc lập thông qua các quy trình kiểm thử tấn công suy luận thành viên (MIA)  [18] và tấn công nghịch đảo/tái định danh thực thể  [19].",Fredrikson2015ModelInversion,Model Inversion Attacks that Exploit Confidence Information and Basic Countermeasures,SUPPORTED,Công trình kinh điển chứng minh tính khả thi của tấn công nghịch đảo mô hình (Model Inversion Attack): tái dựng các thuộc tính nhạy cảm và thông tin định danh cá nhân (PII) từ vector biểu diễn hoặc điểm số đầu ra của mô hình.,"Section 1, Section 3 (Model Inversion Algorithm), Section 5 (Empirical Evaluation)",NONE
OCC-0140,p_240,"Xử lý hiện tượng sự kiện đến muộn hoặc xáo trộn thứ tự (Out-of-Order Events) phát sinh từ độ trễ mạng thu thập telemetry  [3],  [30], chuyên đề đề xuất nguyên tắc xử lý theo thời gian sự kiện kết hợp cơ chế mốc ngắt thời gian (Event-Time Watermark):",Inam2023ProvenanceSoK,SoK: History is a Vast Early Warning System: Auditing the Provenance of System Intrusions,SUPPORTED,Phân tích hiện tượng sự kiện đến muộn hoặc xáo trộn thứ tự (Out-of-Order Events) do độ trễ ghi nhận bất đồng bộ giữa các cảm biến.,Section II.B (Asynchronous Auditing & Event Ordering),NONE
OCC-0141,p_240,"Xử lý hiện tượng sự kiện đến muộn hoặc xáo trộn thứ tự (Out-of-Order Events) phát sinh từ độ trễ mạng thu thập telemetry  [3],  [30], chuyên đề đề xuất nguyên tắc xử lý theo thời gian sự kiện kết hợp cơ chế mốc ngắt thời gian (Event-Time Watermark):",Li2024NODLINK,NODLINK: An Online System for Fine-Grained APT Attack Detection and Investigation,SUPPORTED,Đề xuất hệ thống NODLINK phát hiện APT trực tuyến: áp dụng cơ chế cắt tỉa đồ thị động dựa trên thông tin hạt nhân và tái dựng đồ thị con tấn công bằng thuật toán cây Steiner xấp xỉ trực tuyến kết hợp bộ nhớ đệm.,"Section 1, Section 3 (Architecture & Graph Pruning), Section 4 (Steiner Tree Attack Reconstruction)",NONE
OCC-0142,p_285,"Tấn công suy luận thành viên Membership Inference Attack (MIA): đối nghịch xác định xem một bản ghi dữ liệu cụ thể của một thực thể có nằm trong tập huấn luyện của mô hình hay không, thông qua quan sát hành vi đầu ra hoặc các đặc trưng của vector  ([18]).",Shokri2017MembershipInference,Membership Inference Attacks Against Machine Learning Models,SUPPORTED,Công trình đặt nền móng cho tấn công suy luận thành viên (Membership Inference Attack - MIA): sử dụng mô hình bóng (shadow models) để suy đoán một mẫu dữ liệu có thuộc tập huấn luyện hay không từ phân phối đầu ra/vector tiềm ẩn.,"Section I, Section III (Attack Methodology & Shadow Models), Section V (Evaluation & Privacy Risks)",NONE
OCC-0143,p_286,"Tấn công nghịch đảo biểu diễn Representation/Model Inversion Attack: Về mặt nguyên lý, Fredrikson et al. [19] chứng minh tấn công nghịch đảo có thể khai thác thông tin đầu ra/độ tin cậy để tái cấu trúc thuộc tính dữ liệu; trong mô hình đe dọa thích ứng của đề tài (Threat-Model Adaptation), đối nghịch cố gắng khôi phục hoặc xấp xỉ các thuộc tính nhạy cảm tiềm năng như tên người dùng, hostname và chuỗi lệnh từ vector nhúng z.",Fredrikson2015ModelInversion,Model Inversion Attacks that Exploit Confidence Information and Basic Countermeasures,SUPPORTED,Công trình kinh điển chứng minh tính khả thi của tấn công nghịch đảo mô hình (Model Inversion Attack): tái dựng các thuộc tính nhạy cảm và thông tin định danh cá nhân (PII) từ vector biểu diễn hoặc điểm số đầu ra của mô hình.,"Section 1, Section 3 (Model Inversion Algorithm), Section 5 (Empirical Evaluation)",NONE
OCC-0144,p_295,"Lưu ý rằng các tham số thời gian và kiểu hành vi được bảo toàn nguyên vẹn vì chúng không phải direct identifier, tuy nhiên các tham số này có thể hoạt động như quasi-identifier khi kết hợp với dữ liệu bên ngoài; rủi ro liên kết tương ứng cần được đánh giá theo CTRL-PRIV-001. Cơ chế này được kỳ vọng thiết lập sự vượt trội Pareto theo nghĩa của H5 so với hai đường cơ sở: thứ nhất, giữ nguyên định danh thô không có pseudonymization; và thứ hai, ẩn danh hóa quá mức xóa bỏ cả liên kết thực thể cần thiết cho phân tích hành vi. Tuy nhiên, khẳng định sự vượt trội này là một giả thuyết nghiên cứu yêu cầu kiểm thử thực nghiệm tường minh ở các mô hình hạ nguồn thông qua giao thức CTRL-PRIV-001, bao gồm đánh giá MIA  [18], tấn công nghịch đảo theo nguyên lý Fredrikson et al. [19] áp dụng cho các thuộc tính nhạy cảm của log, cùng tấn công tái định danh; chưa được thực thi trong phạm vi thực nghiệm của chuyên đề hiện tại.",Shokri2017MembershipInference,Membership Inference Attacks Against Machine Learning Models,SUPPORTED,Công trình đặt nền móng cho tấn công suy luận thành viên (Membership Inference Attack - MIA): sử dụng mô hình bóng (shadow models) để suy đoán một mẫu dữ liệu có thuộc tập huấn luyện hay không từ phân phối đầu ra/vector tiềm ẩn.,"Section I, Section III (Attack Methodology & Shadow Models), Section V (Evaluation & Privacy Risks)",NONE
OCC-0145,p_295,"Lưu ý rằng các tham số thời gian và kiểu hành vi được bảo toàn nguyên vẹn vì chúng không phải direct identifier, tuy nhiên các tham số này có thể hoạt động như quasi-identifier khi kết hợp với dữ liệu bên ngoài; rủi ro liên kết tương ứng cần được đánh giá theo CTRL-PRIV-001. Cơ chế này được kỳ vọng thiết lập sự vượt trội Pareto theo nghĩa của H5 so với hai đường cơ sở: thứ nhất, giữ nguyên định danh thô không có pseudonymization; và thứ hai, ẩn danh hóa quá mức xóa bỏ cả liên kết thực thể cần thiết cho phân tích hành vi. Tuy nhiên, khẳng định sự vượt trội này là một giả thuyết nghiên cứu yêu cầu kiểm thử thực nghiệm tường minh ở các mô hình hạ nguồn thông qua giao thức CTRL-PRIV-001, bao gồm đánh giá MIA  [18], tấn công nghịch đảo theo nguyên lý Fredrikson et al. [19] áp dụng cho các thuộc tính nhạy cảm của log, cùng tấn công tái định danh; chưa được thực thi trong phạm vi thực nghiệm của chuyên đề hiện tại.",Fredrikson2015ModelInversion,Model Inversion Attacks that Exploit Confidence Information and Basic Countermeasures,SUPPORTED,Công trình kinh điển chứng minh tính khả thi của tấn công nghịch đảo mô hình (Model Inversion Attack): tái dựng các thuộc tính nhạy cảm và thông tin định danh cá nhân (PII) từ vector biểu diễn hoặc điểm số đầu ra của mô hình.,"Section 1, Section 3 (Model Inversion Algorithm), Section 5 (Empirical Evaluation)",NONE
OCC-0146,p_313,"Bộ trích xuất tuần tự ngữ nghĩa tiếp nhận chuỗi các sự kiện kiểu hóa trong cửa sổ ngắn hạn  gồm  sự kiện liên tiếp, kế thừa kiến trúc Self-Attention tiêu chuẩn  [28]. Nhiệm vụ của bộ trích xuất là mô hình hóa các phụ thuộc ngữ cảnh cục bộ, thứ tự gọi hàm hệ thống và tương tác tham số động mà không dựa trên bất kỳ nhãn phân loại tấn công nào ở hạ nguồn.",Vaswani2017Transformer,Attention Is All You Need,SUPPORTED,"Công trình nền tảng đề xuất kiến trúc Transformer và cơ chế chú ý tự thân nhân rộng (Scaled Dot-Product Attention, Multi-Head Attention), thiết lập cơ sở toán học cho việc nắm bắt quan hệ ngữ cảnh chuỗi dài hạn với độ phức tạp O(L^2).","Section 1, Section 3 (Model Architecture: Multi-Head Attention), Section 3.2 (Scaled Dot-Product)",NONE
OCC-0147,p_317,"Trong đó:  là các ma trận nhúng kiểu sự kiện và hành động tĩnh;  là nhúng thực thể chủ thể và đối tượng theo không gian giả danh có kiểm soát;  là nhúng các token tham số an ninh được giữ lại;  là mã hóa vị trí rời rạc; và  là hàm mã hóa thời gian liên tục điều hòa (Harmonic Time Encoding) dạng , kế thừa nguyên lý mã hóa thời gian liên tục trên đồ thị động  [39], mã hóa trực tiếp khoảng trễ liên tục  giữa các hành vi liên tiếp nhằm tránh việc rời rạc hóa thô thành các time-bin cố định, cho phép mô hình biểu diễn và phân biệt các nhịp thời gian khác nhau trong phạm vi thiết kế (như sự khác biệt giữa hai hành vi diễn ra cách nhau 10 mili-giây trong một đoạn mã tự động so với cách nhau 10 giờ trong hoạt động thông thường), song phép chiếu điều hòa này không hàm ý một ánh xạ một-một hay bảo toàn tuyệt đối mọi giá trị khoảng trễ thực tế. Toàn bộ các siêu tham số cấu trúc như số tầng encoder , số đầu chú ý , số chiều ẩn , số chiều lan truyền  và tỷ lệ dropout  đều được xác lập dựa trên tập huấn luyện và kiểm định (Train/Validation), không sử dụng nhãn kiểm tra.",Xu2020TGAT,Inductive Representation Learning on Temporal Graphs,SUPPORTED,"Đề xuất kiến trúc TGAT và cơ chế mã hóa thời gian liên tục điều hòa (Harmonic Time Encoding) dựa trên Định lý Bochner, ánh xạ khoảng thời gian delta t thành vector liên tục bảo toàn cấu trúc trật tự thời gian.","Abstract, Section 3 (Harmonic Time Encoding & Bochner's Theorem), Section 4 (TGAT Layer Formulation)",NONE
OCC-0148,p_320,"Tác vụ dự đoán sự kiện bị che (Masked Event Prediction, ): Thích ứng từ phương pháp LogBERT  [24], che ngẫu nhiên tập chỉ số sự kiện  theo tỷ lệ che  (trong đó đề tài lựa chọn giá trị 15% làm điểm khởi tạo tham chiếu và được khóa cố định trên tập Train/Validation trước khi đánh giá trên tập Test). Đầu dự đoán phụ trợ  ánh xạ trạng thái ẩn  sang không gian xác suất kiểu sự kiện. Mục tiêu (target) là nhãn kiểu sự kiện và hành động thực tế , tối ưu hóa qua hàm mất mát Categorical Cross-Entropy trung bình trên tập bị che, cung cấp gradient cập nhật trực tiếp cho  và :",Guo2021LogBERT,LogBERT: Log Anomaly Detection via BERT,SUPPORTED,Ứng dụng mô hình ngôn ngữ BERT cho chuỗi log: đề xuất tác vụ dự đoán log key bị che (Masked Log Key Prediction - MLKP) kết hợp hàm mục tiêu co thể tích siêu cầu (Hypersphere Volume Minimization) để học ranh giới hành vi bình thường.,"Section I, Section III (Methodology: MLKP & Objective), Section IV (Experiments), Figure 1",NONE
OCC-0149,p_350,"Khi áp dụng mạng nơ-ron đồ thị trên đồ thị nguồn gốc có đường kính lớn, hai rủi ro kiến trúc phổ biến là hiện tượng làm mịn quá mức (Over-smoothing, Oono & Suzuki  [36]) khiến biểu diễn các đỉnh hội tụ về các vector khó phân biệt, và hiện tượng nghẽn cổ chai thông tin (Over-squashing, Alon & Yahav  [37]) khi lượng thông tin từ vùng lân cận mở rộng nhanh chóng phải truyền qua một số ít cạnh trung gian để nén vào một vector kích thước cố định. Chuyên đề đề xuất hai cơ chế ứng viên giảm thiểu :",Oono2020OverSmoothing,Graph Neural Networks Exponentially Lose Expressive Power for Node Classification,SUPPORTED,"Chứng minh toán học nghiêm ngặt về hiện tượng làm mịn quá mức (Over-smoothing) trong GNN: khi số lớp truyền tin tăng lên, biểu diễn của các nút trong đồ thị hội tụ theo hàm mũ về một không gian con duy nhất, làm mất khả năng phân biệt.","Abstract, Section 3 (Theoretical Formulation & Theorem 1), Section 4 (Exponential Convergence Proof)",NONE
OCC-0150,p_350,"Khi áp dụng mạng nơ-ron đồ thị trên đồ thị nguồn gốc có đường kính lớn, hai rủi ro kiến trúc phổ biến là hiện tượng làm mịn quá mức (Over-smoothing, Oono & Suzuki  [36]) khiến biểu diễn các đỉnh hội tụ về các vector khó phân biệt, và hiện tượng nghẽn cổ chai thông tin (Over-squashing, Alon & Yahav  [37]) khi lượng thông tin từ vùng lân cận mở rộng nhanh chóng phải truyền qua một số ít cạnh trung gian để nén vào một vector kích thước cố định. Chuyên đề đề xuất hai cơ chế ứng viên giảm thiểu :",Alon2021OverSquashing,On the Bottleneck of Graph Neural Networks and its Practical Implications,SUPPORTED,"Chứng minh và mô hình hóa hiện tượng nghẽn cổ chai thông tin (Over-squashing) trong GNN: số lượng nút trong vùng tiếp nhận mở rộng theo cấp số nhân nhưng bị nén vào vector có kích thước cố định, làm suy giảm khả năng truyền thông tin tầm xa.","Abstract, Section 2 (Information Bottleneck & Over-squashing), Section 3 (Analytical Bound)",NONE
OCC-0151,p_359,"Sau khi đồ thị nguồn gốc được xây dựng và áp dụng các cơ chế ứng viên kiểm soát độ chân thực, cấu trúc đồ thị động được đưa vào Bộ trích xuất Temporal GNN. Kế thừa khung xử lý bộ nhớ và truyền thông điệp thời gian động  [40] cùng các nguyên lý thiết kế từ các hệ thống đồ thị nguồn gốc tiêu biểu  [29],  [30],  [31],  [32], chuyên đề hình thức hóa cơ chế truyền thông điệp thời gian có kiểu hóa (Typed Temporal Message Passing) phù hợp với dữ liệu log bảo toàn ngữ cảnh an ninh.",Rossi2020TGN,Temporal Graph Networks for Deep Learning on Dynamic Graphs,SUPPORTED,"Đề xuất kiến trúc Temporal Graph Networks (TGN) kết hợp module bộ nhớ trạng thái và hàm truyền thông điệp tương tác thời gian liên tục, tạo khung chuẩn cho việc mô hình hóa đồ thị động.","Abstract, Section 3 (TGN Architecture: Memory & Message Function), Section 4 (Training)",NONE
OCC-0152,p_359,"Sau khi đồ thị nguồn gốc được xây dựng và áp dụng các cơ chế ứng viên kiểm soát độ chân thực, cấu trúc đồ thị động được đưa vào Bộ trích xuất Temporal GNN. Kế thừa khung xử lý bộ nhớ và truyền thông điệp thời gian động  [40] cùng các nguyên lý thiết kế từ các hệ thống đồ thị nguồn gốc tiêu biểu  [29],  [30],  [31],  [32], chuyên đề hình thức hóa cơ chế truyền thông điệp thời gian có kiểu hóa (Typed Temporal Message Passing) phù hợp với dữ liệu log bảo toàn ngữ cảnh an ninh.",Cheng2024KAIROS,KAIROS: Practical Intrusion Detection and Investigation using Whole-system Provenance,SUPPORTED,Đề xuất hệ thống KAIROS ứng dụng mạng nơ-ron đồ thị thời gian (Temporal GNN) trên đồ thị nguồn gốc hệ thống: mô hình hóa sự tiến triển thời gian của các quan hệ nhân quả để phát hiện APT với độ trễ thấp và độ chính xác cao.,"Section I, Section III (System Architecture & Temporal GNN), Section IV (Evaluation)",NONE
OCC-0153,p_359,"Sau khi đồ thị nguồn gốc được xây dựng và áp dụng các cơ chế ứng viên kiểm soát độ chân thực, cấu trúc đồ thị động được đưa vào Bộ trích xuất Temporal GNN. Kế thừa khung xử lý bộ nhớ và truyền thông điệp thời gian động  [40] cùng các nguyên lý thiết kế từ các hệ thống đồ thị nguồn gốc tiêu biểu  [29],  [30],  [31],  [32], chuyên đề hình thức hóa cơ chế truyền thông điệp thời gian có kiểu hóa (Typed Temporal Message Passing) phù hợp với dữ liệu log bảo toàn ngữ cảnh an ninh.",Li2024NODLINK,NODLINK: An Online System for Fine-Grained APT Attack Detection and Investigation,SUPPORTED,Đề xuất hệ thống NODLINK phát hiện APT trực tuyến: áp dụng cơ chế cắt tỉa đồ thị động dựa trên thông tin hạt nhân và tái dựng đồ thị con tấn công bằng thuật toán cây Steiner xấp xỉ trực tuyến kết hợp bộ nhớ đệm.,"Section 1, Section 3 (Architecture & Graph Pruning), Section 4 (Steiner Tree Attack Reconstruction)",NONE
OCC-0154,p_359,"Sau khi đồ thị nguồn gốc được xây dựng và áp dụng các cơ chế ứng viên kiểm soát độ chân thực, cấu trúc đồ thị động được đưa vào Bộ trích xuất Temporal GNN. Kế thừa khung xử lý bộ nhớ và truyền thông điệp thời gian động  [40] cùng các nguyên lý thiết kế từ các hệ thống đồ thị nguồn gốc tiêu biểu  [29],  [30],  [31],  [32], chuyên đề hình thức hóa cơ chế truyền thông điệp thời gian có kiểu hóa (Typed Temporal Message Passing) phù hợp với dữ liệu log bảo toàn ngữ cảnh an ninh.",Jia2024MAGIC,MAGIC: Detecting Advanced Persistent Threats via Masked Graph Representation Learning,SUPPORTED,"Đề xuất khung học tự giám sát MAGIC dựa trên cơ chế Masked Graph Autoencoder cho đồ thị nguồn gốc: che một phần cấu trúc cạnh và thuộc tính nút để huấn luyện mô hình khôi phục, tăng cường độ bền vững trước trôi dạt phân phối.","Section 1, Section 3 (Masked Graph Representation Learning), Section 4 (Pre-training & Reconstruction)",NONE
OCC-0155,p_359,"Sau khi đồ thị nguồn gốc được xây dựng và áp dụng các cơ chế ứng viên kiểm soát độ chân thực, cấu trúc đồ thị động được đưa vào Bộ trích xuất Temporal GNN. Kế thừa khung xử lý bộ nhớ và truyền thông điệp thời gian động  [40] cùng các nguyên lý thiết kế từ các hệ thống đồ thị nguồn gốc tiêu biểu  [29],  [30],  [31],  [32], chuyên đề hình thức hóa cơ chế truyền thông điệp thời gian có kiểu hóa (Typed Temporal Message Passing) phù hợp với dữ liệu log bảo toàn ngữ cảnh an ninh.",Jiang2025ORTHRUS,ORTHRUS: Achieving High Quality of Attribution in Provenance-based Intrusion Detection Systems,SUPPORTED,Đề xuất kiến trúc mạng nơ-ron đồ thị hai nhánh ORTHRUS cho đồ thị nguồn gốc: phân tách việc học đặc trưng cấu trúc tô-pô và đặc trưng thuộc tính ngữ nghĩa của các thực thể để tăng cường độ bền vững trước các kỹ thuật lẩn tránh.,"Section 1, Section 3 (Dual-Branch Architecture), Section 4 (Evaluation)",NONE
OCC-0156,p_368,"Mục tiêu tối ưu hóa các tham số  của mạng Temporal GNN trong Giai đoạn A1 mà không sử dụng nhãn tấn công hay thông tin tương lai, chuyên đề thiết lập hàm mục tiêu tự giám sát đồ thị động . Kế thừa cảm hứng từ mô hình MAGIC  [31] về học biểu diễn qua cơ chế che giấu (Masked Graph Representation Learning) và mở rộng cho đồ thị nguồn gốc động theo thời gian (Adapted / Ours), hàm mục tiêu tự giám sát đồ thị được cấu thành từ ba tác vụ phụ trợ với đầu dự đoán riêng biệt:",Jia2024MAGIC,MAGIC: Detecting Advanced Persistent Threats via Masked Graph Representation Learning,SUPPORTED,"Đề xuất khung học tự giám sát MAGIC dựa trên cơ chế Masked Graph Autoencoder cho đồ thị nguồn gốc: che một phần cấu trúc cạnh và thuộc tính nút để huấn luyện mô hình khôi phục, tăng cường độ bền vững trước trôi dạt phân phối.","Section 1, Section 3 (Masked Graph Representation Learning), Section 4 (Pre-training & Reconstruction)",NONE
OCC-0157,p_378,"Khi áp dụng mạng nơ-ron đồ thị trên đồ thị nguồn gốc có đường kính lớn, hai rủi ro kiến trúc phổ biến là hiện tượng làm mịn quá mức (Over-smoothing, Oono & Suzuki  [36]) khiến biểu diễn các đỉnh hội tụ về các vector khó phân biệt, và hiện tượng nghẽn cổ chai thông tin (Over-squashing, Alon & Yahav  [37]) khi thông tin từ vùng lân cận mở rộng theo hàm mũ bị ép vào một vector kích thước cố định. Chuyên đề đề xuất hai cơ chế ứng viên giảm thiểu :",Oono2020OverSmoothing,Graph Neural Networks Exponentially Lose Expressive Power for Node Classification,SUPPORTED,"Chứng minh toán học nghiêm ngặt về hiện tượng làm mịn quá mức (Over-smoothing) trong GNN: khi số lớp truyền tin tăng lên, biểu diễn của các nút trong đồ thị hội tụ theo hàm mũ về một không gian con duy nhất, làm mất khả năng phân biệt.","Abstract, Section 3 (Theoretical Formulation & Theorem 1), Section 4 (Exponential Convergence Proof)",NONE
OCC-0158,p_378,"Khi áp dụng mạng nơ-ron đồ thị trên đồ thị nguồn gốc có đường kính lớn, hai rủi ro kiến trúc phổ biến là hiện tượng làm mịn quá mức (Over-smoothing, Oono & Suzuki  [36]) khiến biểu diễn các đỉnh hội tụ về các vector khó phân biệt, và hiện tượng nghẽn cổ chai thông tin (Over-squashing, Alon & Yahav  [37]) khi thông tin từ vùng lân cận mở rộng theo hàm mũ bị ép vào một vector kích thước cố định. Chuyên đề đề xuất hai cơ chế ứng viên giảm thiểu :",Alon2021OverSquashing,On the Bottleneck of Graph Neural Networks and its Practical Implications,SUPPORTED,"Chứng minh và mô hình hóa hiện tượng nghẽn cổ chai thông tin (Over-squashing) trong GNN: số lượng nút trong vùng tiếp nhận mở rộng theo cấp số nhân nhưng bị nén vào vector có kích thước cố định, làm suy giảm khả năng truyền thông tin tầm xa.","Abstract, Section 2 (Information Bottleneck & Over-squashing), Section 3 (Analytical Bound)",NONE
OCC-0159,p_400,"Tránh hiện tượng mất mát thông tin cấu trúc đặc thù khi ép hai vector biểu diễn gốc  và  phải hội tụ về cùng một điểm, chuyên đề áp dụng nguyên lý phân tách không gian theo SimCLR  [21] và VICReg  [12]. Chúng ta đưa mỗi vector biểu diễn qua một đầu chiếu phi tuyến riêng biệt (Non-linear Projection Heads):",Chen2020SimCLR,A Simple Framework for Contrastive Learning of Visual Representations,SUPPORTED,"Đề xuất khung học tương phản SimCLR: tối ưu hóa hàm mất mát InfoNCE với tham số nhiệt độ tau, phân tách không gian đặc trưng biểu diễn và không gian chiếu thông qua đầu chiếu phi tuyến, và giao thức đánh giá đóng băng tham số.","Abstract, Section 2 (Methodology & InfoNCE Loss), Section 3 (Projection Head), Section 4.1 (Linear Evaluation)",NONE
OCC-0160,p_400,"Tránh hiện tượng mất mát thông tin cấu trúc đặc thù khi ép hai vector biểu diễn gốc  và  phải hội tụ về cùng một điểm, chuyên đề áp dụng nguyên lý phân tách không gian theo SimCLR  [21] và VICReg  [12]. Chúng ta đưa mỗi vector biểu diễn qua một đầu chiếu phi tuyến riêng biệt (Non-linear Projection Heads):",Bardes2022VICReg,VICReg: Variance-Invariance-Covariance Regularization for Self-Supervised Learning,SUPPORTED,"Đề xuất phương pháp học tự giám sát VICReg dựa trên ba thành phần điều hòa: hàm mất mát phương sai dạng bản lề (ngăn chặn sụp đổ biểu diễn), hàm mất mát hiệp phương sai (giảm dư thừa thông tin), và hàm mất mát bất biến (gióng hàng đa góc nhìn).","Abstract, Section 2 (Method: Variance, Invariance, Covariance), Section 3, Table 1",NONE
OCC-0161,p_405,"Trong học biểu diễn tự giám sát, các hướng tiếp cận tiêu biểu bao gồm: InfoNCE/CPC  [41], SimCLR  [21], Barlow Twins  [13], và VICReg  [12]. Bảng 2.3 phân tích đối sánh chi tiết các đặc tính lý thuyết từ các công bố gốc và các giả thuyết nghiên cứu của chuyên đề đối với dữ liệu telemetry an ninh:",Oord2018CPC,Representation Learning with Contrastive Predictive Coding,SUPPORTED,Công trình nền tảng đề xuất hàm mất mát InfoNCE và chứng minh toán học rằng việc tối thiểu hóa hàm mất mát tương phản tương đương với việc tối đa hóa chặn dưới của thông tin tương hỗ (Mutual Information) giữa các biểu diễn.,"Section 1, Section 2 (Contrastive Predictive Coding & InfoNCE), Section 3 (MI Lower Bound Proof)",NONE
OCC-0162,p_405,"Trong học biểu diễn tự giám sát, các hướng tiếp cận tiêu biểu bao gồm: InfoNCE/CPC  [41], SimCLR  [21], Barlow Twins  [13], và VICReg  [12]. Bảng 2.3 phân tích đối sánh chi tiết các đặc tính lý thuyết từ các công bố gốc và các giả thuyết nghiên cứu của chuyên đề đối với dữ liệu telemetry an ninh:",Chen2020SimCLR,A Simple Framework for Contrastive Learning of Visual Representations,SUPPORTED,"Đề xuất khung học tương phản SimCLR: tối ưu hóa hàm mất mát InfoNCE với tham số nhiệt độ tau, phân tách không gian đặc trưng biểu diễn và không gian chiếu thông qua đầu chiếu phi tuyến, và giao thức đánh giá đóng băng tham số.","Abstract, Section 2 (Methodology & InfoNCE Loss), Section 3 (Projection Head), Section 4.1 (Linear Evaluation)",NONE
OCC-0163,p_405,"Trong học biểu diễn tự giám sát, các hướng tiếp cận tiêu biểu bao gồm: InfoNCE/CPC  [41], SimCLR  [21], Barlow Twins  [13], và VICReg  [12]. Bảng 2.3 phân tích đối sánh chi tiết các đặc tính lý thuyết từ các công bố gốc và các giả thuyết nghiên cứu của chuyên đề đối với dữ liệu telemetry an ninh:",Zbontar2021BarlowTwins,Barlow Twins: Self-Supervised Learning via Redundancy Reduction,SUPPORTED,"Đề xuất nguyên lý triệt tiêu dư thừa thông tin trong học tự giám sát: ép ma trận tương quan chéo giữa hai góc nhìn tiến về ma trận đơn vị, loại bỏ sự phụ thuộc giữa các chiều vector mà không cần mẫu âm.","Abstract, Section 2 (Method: Cross-Correlation Objective), Section 3, Figure 1",NONE
OCC-0164,p_405,"Trong học biểu diễn tự giám sát, các hướng tiếp cận tiêu biểu bao gồm: InfoNCE/CPC  [41], SimCLR  [21], Barlow Twins  [13], và VICReg  [12]. Bảng 2.3 phân tích đối sánh chi tiết các đặc tính lý thuyết từ các công bố gốc và các giả thuyết nghiên cứu của chuyên đề đối với dữ liệu telemetry an ninh:",Bardes2022VICReg,VICReg: Variance-Invariance-Covariance Regularization for Self-Supervised Learning,SUPPORTED,"Đề xuất phương pháp học tự giám sát VICReg dựa trên ba thành phần điều hòa: hàm mất mát phương sai dạng bản lề (ngăn chặn sụp đổ biểu diễn), hàm mất mát hiệp phương sai (giảm dư thừa thông tin), và hàm mất mát bất biến (gióng hàng đa góc nhìn).","Abstract, Section 2 (Method: Variance, Invariance, Covariance), Section 3, Table 1",NONE
OCC-0165,p_407,"Từ phân tích phương pháp luận trên, chuyên đề lựa chọn VICReg (Variance-Invariance-Covariance Regularization)  [12] làm ứng viên gióng hàng cốt lõi. Theo Bardes et al.  [12], VICReg thiết lập cơ chế tự giám sát không tương phản dựa trên điều hòa phương sai và hiệp phương sai để ngăn ngừa sụp đổ biểu diễn mà không cần khai thác các cặp mẫu âm. Dựa trên đặc tính lý thuyết này của công bố gốc, nghiên cứu đề xuất giả thuyết thích nghi (Author Adaptation Hypothesis): việc loại bỏ nhu cầu lấy mẫu âm tường minh trong không gian telemetry log sẽ giúp giảm thiểu rủi ro âm tính giả, hạn chế việc ép các phiên telemetry bình thường độc lập nhưng có đặc trưng tương đồng ra xa nhau một cách nhân tạo. Giả thuyết này được đề xuất làm cơ sở kiến trúc cho khung gióng hàng đa góc nhìn, trong khi việc đối sánh triệt tiêu định lượng với InfoNCE/CPC  [41], SimCLR  [21] và Barlow Twins  [13] được định vị cho các chiến dịch thực nghiệm hạ nguồn tiếp theo.",Bardes2022VICReg,VICReg: Variance-Invariance-Covariance Regularization for Self-Supervised Learning,SUPPORTED,"Chứng minh cơ chế điều hòa phương sai dạng bản lề v(Z) ép độ lệch chuẩn của từng chiều vector vượt ngưỡng gamma, ngăn chặn triệt để sụp đổ biểu diễn (collapse).",Section 2.1 (Variance Regularization),NONE
OCC-0166,p_407,"Từ phân tích phương pháp luận trên, chuyên đề lựa chọn VICReg (Variance-Invariance-Covariance Regularization)  [12] làm ứng viên gióng hàng cốt lõi. Theo Bardes et al.  [12], VICReg thiết lập cơ chế tự giám sát không tương phản dựa trên điều hòa phương sai và hiệp phương sai để ngăn ngừa sụp đổ biểu diễn mà không cần khai thác các cặp mẫu âm. Dựa trên đặc tính lý thuyết này của công bố gốc, nghiên cứu đề xuất giả thuyết thích nghi (Author Adaptation Hypothesis): việc loại bỏ nhu cầu lấy mẫu âm tường minh trong không gian telemetry log sẽ giúp giảm thiểu rủi ro âm tính giả, hạn chế việc ép các phiên telemetry bình thường độc lập nhưng có đặc trưng tương đồng ra xa nhau một cách nhân tạo. Giả thuyết này được đề xuất làm cơ sở kiến trúc cho khung gióng hàng đa góc nhìn, trong khi việc đối sánh triệt tiêu định lượng với InfoNCE/CPC  [41], SimCLR  [21] và Barlow Twins  [13] được định vị cho các chiến dịch thực nghiệm hạ nguồn tiếp theo.",Bardes2022VICReg,VICReg: Variance-Invariance-Covariance Regularization for Self-Supervised Learning,SUPPORTED,"Chứng minh cơ chế điều hòa phương sai dạng bản lề v(Z) ép độ lệch chuẩn của từng chiều vector vượt ngưỡng gamma, ngăn chặn triệt để sụp đổ biểu diễn (collapse).",Section 2.1 (Variance Regularization),NONE
OCC-0167,p_407,"Từ phân tích phương pháp luận trên, chuyên đề lựa chọn VICReg (Variance-Invariance-Covariance Regularization)  [12] làm ứng viên gióng hàng cốt lõi. Theo Bardes et al.  [12], VICReg thiết lập cơ chế tự giám sát không tương phản dựa trên điều hòa phương sai và hiệp phương sai để ngăn ngừa sụp đổ biểu diễn mà không cần khai thác các cặp mẫu âm. Dựa trên đặc tính lý thuyết này của công bố gốc, nghiên cứu đề xuất giả thuyết thích nghi (Author Adaptation Hypothesis): việc loại bỏ nhu cầu lấy mẫu âm tường minh trong không gian telemetry log sẽ giúp giảm thiểu rủi ro âm tính giả, hạn chế việc ép các phiên telemetry bình thường độc lập nhưng có đặc trưng tương đồng ra xa nhau một cách nhân tạo. Giả thuyết này được đề xuất làm cơ sở kiến trúc cho khung gióng hàng đa góc nhìn, trong khi việc đối sánh triệt tiêu định lượng với InfoNCE/CPC  [41], SimCLR  [21] và Barlow Twins  [13] được định vị cho các chiến dịch thực nghiệm hạ nguồn tiếp theo.",Oord2018CPC,Representation Learning with Contrastive Predictive Coding,SUPPORTED,Công trình nền tảng đề xuất hàm mất mát InfoNCE và chứng minh toán học rằng việc tối thiểu hóa hàm mất mát tương phản tương đương với việc tối đa hóa chặn dưới của thông tin tương hỗ (Mutual Information) giữa các biểu diễn.,"Section 1, Section 2 (Contrastive Predictive Coding & InfoNCE), Section 3 (MI Lower Bound Proof)",NONE
OCC-0168,p_407,"Từ phân tích phương pháp luận trên, chuyên đề lựa chọn VICReg (Variance-Invariance-Covariance Regularization)  [12] làm ứng viên gióng hàng cốt lõi. Theo Bardes et al.  [12], VICReg thiết lập cơ chế tự giám sát không tương phản dựa trên điều hòa phương sai và hiệp phương sai để ngăn ngừa sụp đổ biểu diễn mà không cần khai thác các cặp mẫu âm. Dựa trên đặc tính lý thuyết này của công bố gốc, nghiên cứu đề xuất giả thuyết thích nghi (Author Adaptation Hypothesis): việc loại bỏ nhu cầu lấy mẫu âm tường minh trong không gian telemetry log sẽ giúp giảm thiểu rủi ro âm tính giả, hạn chế việc ép các phiên telemetry bình thường độc lập nhưng có đặc trưng tương đồng ra xa nhau một cách nhân tạo. Giả thuyết này được đề xuất làm cơ sở kiến trúc cho khung gióng hàng đa góc nhìn, trong khi việc đối sánh triệt tiêu định lượng với InfoNCE/CPC  [41], SimCLR  [21] và Barlow Twins  [13] được định vị cho các chiến dịch thực nghiệm hạ nguồn tiếp theo.",Chen2020SimCLR,A Simple Framework for Contrastive Learning of Visual Representations,SUPPORTED,"Đề xuất khung học tương phản SimCLR: tối ưu hóa hàm mất mát InfoNCE với tham số nhiệt độ tau, phân tách không gian đặc trưng biểu diễn và không gian chiếu thông qua đầu chiếu phi tuyến, và giao thức đánh giá đóng băng tham số.","Abstract, Section 2 (Methodology & InfoNCE Loss), Section 3 (Projection Head), Section 4.1 (Linear Evaluation)",NONE
OCC-0169,p_407,"Từ phân tích phương pháp luận trên, chuyên đề lựa chọn VICReg (Variance-Invariance-Covariance Regularization)  [12] làm ứng viên gióng hàng cốt lõi. Theo Bardes et al.  [12], VICReg thiết lập cơ chế tự giám sát không tương phản dựa trên điều hòa phương sai và hiệp phương sai để ngăn ngừa sụp đổ biểu diễn mà không cần khai thác các cặp mẫu âm. Dựa trên đặc tính lý thuyết này của công bố gốc, nghiên cứu đề xuất giả thuyết thích nghi (Author Adaptation Hypothesis): việc loại bỏ nhu cầu lấy mẫu âm tường minh trong không gian telemetry log sẽ giúp giảm thiểu rủi ro âm tính giả, hạn chế việc ép các phiên telemetry bình thường độc lập nhưng có đặc trưng tương đồng ra xa nhau một cách nhân tạo. Giả thuyết này được đề xuất làm cơ sở kiến trúc cho khung gióng hàng đa góc nhìn, trong khi việc đối sánh triệt tiêu định lượng với InfoNCE/CPC  [41], SimCLR  [21] và Barlow Twins  [13] được định vị cho các chiến dịch thực nghiệm hạ nguồn tiếp theo.",Zbontar2021BarlowTwins,Barlow Twins: Self-Supervised Learning via Redundancy Reduction,SUPPORTED,"Đề xuất nguyên lý triệt tiêu dư thừa thông tin trong học tự giám sát: ép ma trận tương quan chéo giữa hai góc nhìn tiến về ma trận đơn vị, loại bỏ sự phụ thuộc giữa các chiều vector mà không cần mẫu âm.","Abstract, Section 2 (Method: Cross-Correlation Objective), Section 3, Figure 1",NONE
OCC-0170,p_422,"Trong thực tế giám sát an ninh phân tán, các cảm biến thu thập telemetry có thể gặp sự cố cục bộ, gây ra hiện tượng khuyết góc nhìn (Missing-View, Incomplete Telemetry). Chuyên đề xử lý vấn đề này theo khung tiếp cận của CPM-Nets  [42] kết hợp cơ chế mặt nạ khả dụng và suy thoái duyên dáng do chuyên đề đề xuất:",Zhang2019CPMNets,CPM-Nets: Cross Partial Multi-View Networks,SUPPORTED,Đề xuất khung học đa góc nhìn CPM-Nets giải quyết bài toán khuyết góc nhìn (Missing-View / Incomplete Telemetry): học không gian biểu diễn chung thông qua ma trận hoàn chỉnh và ràng buộc tính phân biệt.,"Abstract, Section 3 (CPM-Nets Framework & Completeness Constraint), Section 4 (Optimization)",NONE
OCC-0171,p_463,"Trong đó  là siêu tham số ngưỡng chặn dưới an toàn, ngăn ngừa việc hạ trọng số về 0 (tính nhạy cảm của  được đề xuất khảo sát trong các thực nghiệm hạ nguồn mở rộng). Khi tối ưu hóa liên hợp, chuyên đề đề xuất áp dụng kỹ thuật phẫu thuật gradient PCGrad  [43] trên tập tham số nhận đồng thời hai luồng gradient:",Yu2020PCGrad,Gradient Surgery for Multi-Task Learning,SUPPORTED,"Đề xuất thuật toán phẫu thuật gradient (PCGrad) trong học đa tác vụ: khi gradient của các hàm mất mát xung đột (tích vô hướng âm), gradient được chiếu trực giao lên mặt phẳng vuông góc của nhau để loại bỏ hiện tượng can thiệp tiêu cực.","Abstract, Section 3 (PCGrad Algorithm), Section 4 (Convergence & Multi-Task Experiments)",NONE
OCC-0172,p_470,"Chuyên đề đề xuất áp dụng cơ chế Attention-based Deep MIL của Ilse et al.  [44] (như một thiết kế mở rộng tùy chọn, chưa hiện thực và chưa kiểm chứng trong chiến dịch Stage A2 hiện tại), kết hợp thiết kế cơ chế ánh xạ Túi – Thực thể đặc thù cho bài toán an ninh mạng (Cybersecurity Bag-Instance Mapping, Đề xuất của đề tài / Ours):",Ilse2018AttentionMIL,Attention-based Deep Multiple Instance Learning,SUPPORTED,"Đề xuất cơ chế học đa thể hiện sâu dựa trên cơ chế chú ý có cổng (Gated Attention-based Deep MIL): tự động học trọng số thích ứng để tổng hợp các thể hiện thành biểu diễn của túi (bag), tăng cường khả năng giải thích cho các thể hiện kích hoạt.","Abstract, Section 2 (Formulation), Section 3 (Gated Attention Mechanism), Equation (8)",NONE
OCC-0173,p_517,"Khác với các phương pháp xáo trộn ngẫu nhiên truyền thống có nguy cơ rò rỉ thông tin thời gian, nghiên cứu đề xuất và áp dụng quy trình phân chia dữ liệu theo thứ tự dòng thời gian không nhìn trước (leakage-safe chronological split), tuân thủ khuyến nghị tránh rò rỉ thời gian (temporal snooping) của Arp et al.  [10]. Khung đối chuẩn nghiên cứu bao quát 4 tập dữ liệu đại diện cho các miền viễn trắc an ninh khác nhau (DARPA TC E3  [14], LANL  [16], HDFS (Xu et al.  [17]; LogHub  [9]) và BGL (LogHub  [9])); trong đó, tập dữ liệu HDFS đóng vai trò là môi trường thực thi chính thức cho chiến dịch tiền huấn luyện Stage A2 hiện hành, còn các tập dữ liệu quy mô lớn còn lại định vị bối cảnh mở rộng cho các giai đoạn tiếp theo. Toàn bộ các phân vùng dữ liệu được phân định theo thứ tự thời gian và kiểm soát tính toàn vẹn bằng mã băm mật mã SHA-256 trong tệp manifest.",Arp2022DosDonts,Dos and Don'ts of Machine Learning in Computer Security,SUPPORTED,Chỉ ra nguy cơ rò rỉ dữ liệu qua phân vùng ngẫu nhiên và yêu cầu bắt buộc áp dụng phân chia thời gian nghiêm ngặt (temporal split).,Section 3.2 (Pitfall P2: Data Snooping & Temporal Split),NONE
OCC-0174,p_517,"Khác với các phương pháp xáo trộn ngẫu nhiên truyền thống có nguy cơ rò rỉ thông tin thời gian, nghiên cứu đề xuất và áp dụng quy trình phân chia dữ liệu theo thứ tự dòng thời gian không nhìn trước (leakage-safe chronological split), tuân thủ khuyến nghị tránh rò rỉ thời gian (temporal snooping) của Arp et al.  [10]. Khung đối chuẩn nghiên cứu bao quát 4 tập dữ liệu đại diện cho các miền viễn trắc an ninh khác nhau (DARPA TC E3  [14], LANL  [16], HDFS (Xu et al.  [17]; LogHub  [9]) và BGL (LogHub  [9])); trong đó, tập dữ liệu HDFS đóng vai trò là môi trường thực thi chính thức cho chiến dịch tiền huấn luyện Stage A2 hiện hành, còn các tập dữ liệu quy mô lớn còn lại định vị bối cảnh mở rộng cho các giai đoạn tiếp theo. Toàn bộ các phân vùng dữ liệu được phân định theo thứ tự thời gian và kiểm soát tính toàn vẹn bằng mã băm mật mã SHA-256 trong tệp manifest.",DARPA2018TCE3,Transparent Computing Engagement 3 Data Release,SUPPORTED,Cung cấp dữ liệu kiểm toán hệ thống mức hạt nhân chi tiết trong chiến dịch diễn tập DARPA TC E3; ghi nhận kịch bản tấn công của đội Red Team kèm báo cáo gán nhãn thực nghiệm phục vụ đối chuẩn PIDS.,"Engagement 3 Ground Truth Report, Section 2 (Kernel Auditing), Section 3 (Red Team Scenarios)",NONE
OCC-0175,p_517,"Khác với các phương pháp xáo trộn ngẫu nhiên truyền thống có nguy cơ rò rỉ thông tin thời gian, nghiên cứu đề xuất và áp dụng quy trình phân chia dữ liệu theo thứ tự dòng thời gian không nhìn trước (leakage-safe chronological split), tuân thủ khuyến nghị tránh rò rỉ thời gian (temporal snooping) của Arp et al.  [10]. Khung đối chuẩn nghiên cứu bao quát 4 tập dữ liệu đại diện cho các miền viễn trắc an ninh khác nhau (DARPA TC E3  [14], LANL  [16], HDFS (Xu et al.  [17]; LogHub  [9]) và BGL (LogHub  [9])); trong đó, tập dữ liệu HDFS đóng vai trò là môi trường thực thi chính thức cho chiến dịch tiền huấn luyện Stage A2 hiện hành, còn các tập dữ liệu quy mô lớn còn lại định vị bối cảnh mở rộng cho các giai đoạn tiếp theo. Toàn bộ các phân vùng dữ liệu được phân định theo thứ tự thời gian và kiểm soát tính toàn vẹn bằng mã băm mật mã SHA-256 trong tệp manifest.",Kent2015LANL,"Comprehensive, Multi-Source Cyber-Security Events",SUPPORTED,"Bộ dữ liệu viễn trắc an ninh mạng doanh nghiệp quy mô lớn từ Phòng thí nghiệm Quốc gia Los Alamos (LANL): hơn 1.6 tỷ sự kiện xác thực, tiến trình và luồng mạng, kèm tập nhãn tấn công redteam.txt theo mốc thời gian và tài khoản.","Section 2 (Data Description: Auth, Process, Flow), Section 3 (Red Team Events & Ground Truth)",NONE
OCC-0176,p_517,"Khác với các phương pháp xáo trộn ngẫu nhiên truyền thống có nguy cơ rò rỉ thông tin thời gian, nghiên cứu đề xuất và áp dụng quy trình phân chia dữ liệu theo thứ tự dòng thời gian không nhìn trước (leakage-safe chronological split), tuân thủ khuyến nghị tránh rò rỉ thời gian (temporal snooping) của Arp et al.  [10]. Khung đối chuẩn nghiên cứu bao quát 4 tập dữ liệu đại diện cho các miền viễn trắc an ninh khác nhau (DARPA TC E3  [14], LANL  [16], HDFS (Xu et al.  [17]; LogHub  [9]) và BGL (LogHub  [9])); trong đó, tập dữ liệu HDFS đóng vai trò là môi trường thực thi chính thức cho chiến dịch tiền huấn luyện Stage A2 hiện hành, còn các tập dữ liệu quy mô lớn còn lại định vị bối cảnh mở rộng cho các giai đoạn tiếp theo. Toàn bộ các phân vùng dữ liệu được phân định theo thứ tự thời gian và kiểm soát tính toàn vẹn bằng mã băm mật mã SHA-256 trong tệp manifest.",Xu2009HDFS,Detecting Large-Scale System Problems by Mining Console Logs,SUPPORTED,"Công trình tiên phong áp dụng khai phá dữ liệu log hệ thống phân tán HDFS: phân tích cú pháp trích xuất Block ID, xây dựng ma trận đếm số lượng sự kiện theo khối và phát hiện bất thường bằng PCA phân rã không gian chuẩn và không gian phần dư.","Section 1, Section 3 (Log Parsing & Feature Extraction), Section 4 (PCA-based Detection), Figure 2",NONE
OCC-0177,p_517,"Khác với các phương pháp xáo trộn ngẫu nhiên truyền thống có nguy cơ rò rỉ thông tin thời gian, nghiên cứu đề xuất và áp dụng quy trình phân chia dữ liệu theo thứ tự dòng thời gian không nhìn trước (leakage-safe chronological split), tuân thủ khuyến nghị tránh rò rỉ thời gian (temporal snooping) của Arp et al.  [10]. Khung đối chuẩn nghiên cứu bao quát 4 tập dữ liệu đại diện cho các miền viễn trắc an ninh khác nhau (DARPA TC E3  [14], LANL  [16], HDFS (Xu et al.  [17]; LogHub  [9]) và BGL (LogHub  [9])); trong đó, tập dữ liệu HDFS đóng vai trò là môi trường thực thi chính thức cho chiến dịch tiền huấn luyện Stage A2 hiện hành, còn các tập dữ liệu quy mô lớn còn lại định vị bối cảnh mở rộng cho các giai đoạn tiếp theo. Toàn bộ các phân vùng dữ liệu được phân định theo thứ tự thời gian và kiểm soát tính toàn vẹn bằng mã băm mật mã SHA-256 trong tệp manifest.",Zhu2023Loghub,Loghub: A Large Collection of System Log Datasets for AI-driven Log Analytics,SUPPORTED,Mô tả tập dữ liệu HDFS với nhãn bất thường được xác lập theo vết thực thi mức khối dữ liệu (Block ID).,Section 2.1 & Table 1 (HDFS Dataset),NONE
OCC-0178,p_517,"Khác với các phương pháp xáo trộn ngẫu nhiên truyền thống có nguy cơ rò rỉ thông tin thời gian, nghiên cứu đề xuất và áp dụng quy trình phân chia dữ liệu theo thứ tự dòng thời gian không nhìn trước (leakage-safe chronological split), tuân thủ khuyến nghị tránh rò rỉ thời gian (temporal snooping) của Arp et al.  [10]. Khung đối chuẩn nghiên cứu bao quát 4 tập dữ liệu đại diện cho các miền viễn trắc an ninh khác nhau (DARPA TC E3  [14], LANL  [16], HDFS (Xu et al.  [17]; LogHub  [9]) và BGL (LogHub  [9])); trong đó, tập dữ liệu HDFS đóng vai trò là môi trường thực thi chính thức cho chiến dịch tiền huấn luyện Stage A2 hiện hành, còn các tập dữ liệu quy mô lớn còn lại định vị bối cảnh mở rộng cho các giai đoạn tiếp theo. Toàn bộ các phân vùng dữ liệu được phân định theo thứ tự thời gian và kiểm soát tính toàn vẹn bằng mã băm mật mã SHA-256 trong tệp manifest.",Zhu2023Loghub,Loghub: A Large Collection of System Log Datasets for AI-driven Log Analytics,SUPPORTED,Mô tả tập dữ liệu HDFS với nhãn bất thường được xác lập theo vết thực thi mức khối dữ liệu (Block ID).,Section 2.1 & Table 1 (HDFS Dataset),NONE
OCC-0179,"t_10(1,1)","Sử dụng phân bố mẫu âm (Negative pairs) để đẩy xa các phiên khác nhau  [41],  [21]",Oord2018CPC,Representation Learning with Contrastive Predictive Coding,SUPPORTED,Công trình nền tảng đề xuất hàm mất mát InfoNCE và chứng minh toán học rằng việc tối thiểu hóa hàm mất mát tương phản tương đương với việc tối đa hóa chặn dưới của thông tin tương hỗ (Mutual Information) giữa các biểu diễn.,"Section 1, Section 2 (Contrastive Predictive Coding & InfoNCE), Section 3 (MI Lower Bound Proof)",NONE
OCC-0180,"t_10(1,1)","Sử dụng phân bố mẫu âm (Negative pairs) để đẩy xa các phiên khác nhau  [41],  [21]",Chen2020SimCLR,A Simple Framework for Contrastive Learning of Visual Representations,SUPPORTED,"Đề xuất khung học tương phản SimCLR: tối ưu hóa hàm mất mát InfoNCE với tham số nhiệt độ tau, phân tách không gian đặc trưng biểu diễn và không gian chiếu thông qua đầu chiếu phi tuyến, và giao thức đánh giá đóng băng tham số.","Abstract, Section 2 (Methodology & InfoNCE Loss), Section 3 (Projection Head), Section 4.1 (Linear Evaluation)",NONE
OCC-0181,"t_10(1,2)",Ép ma trận tương quan chéo giữa hai view về ma trận đơn vị I  [13],Zbontar2021BarlowTwins,Barlow Twins: Self-Supervised Learning via Redundancy Reduction,SUPPORTED,"Thiết lập hàm mục tiêu ép ma trận tương quan chéo C về ma trận đơn vị I: thành phần đường chéo bảo toàn tính bất biến, thành phần ngoài đường chéo triệt tiêu dư thừa.",Section 2 (Objective Function & Cross-Correlation Matrix),NONE
OCC-0182,"t_10(1,3)",Phân tách độc lập: Duy trì phương sai từng chiều + Phạt hiệp phương sai  [12],Bardes2022VICReg,VICReg: Variance-Invariance-Covariance Regularization for Self-Supervised Learning,SUPPORTED,"Cơ chế phạt hiệp phương sai c(Z) triệt tiêu tương quan giữa các chiều khác nhau, tối đa hóa lượng thông tin và giảm dư thừa đặc trưng.",Section 2.3 (Covariance Regularization),NONE
OCC-0183,"t_21(1,0)","DeepLog (Du et al., CCS 2017)  [23]",Du2017DeepLog,DeepLog: Anomaly Detection and Diagnosis from System Logs through Deep Learning,SUPPORTED,Công trình tiên phong áp dụng mạng nơ-ron hồi quy LSTM trong phát hiện bất thường log: mô hình hóa chuỗi log key theo phân phối có điều kiện P(k_t | k_{t-h}...k_{t-1}) và kiểm soát bất thường giá trị tham số bằng mô hình Gaussian nhiều chiều.,"Section 1, Section 3 (Log Key Anomaly Detection via LSTM), Section 4 (Parameter Value Anomaly Detection), Figure 2",NONE
OCC-0184,"t_21(2,0)","LogBERT (Guo et al., IJCNN 2021)  [24]",Guo2021LogBERT,LogBERT: Log Anomaly Detection via BERT,SUPPORTED,Ứng dụng mô hình ngôn ngữ BERT cho chuỗi log: đề xuất tác vụ dự đoán log key bị che (Masked Log Key Prediction - MLKP) kết hợp hàm mục tiêu co thể tích siêu cầu (Hypersphere Volume Minimization) để học ranh giới hành vi bình thường.,"Section I, Section III (Methodology: MLKP & Objective), Section IV (Experiments), Figure 1",NONE
OCC-0185,"t_21(3,0)","UNICORN (Han et al., NDSS 2020)  [11]",Han2020UNICORN,UNICORN: Runtime Provenance-Based Detector for Advanced Persistent Threats,SUPPORTED,"Đề xuất hệ thống PIDS thời gian thực UNICORN sử dụng thuật toán băm cây con Weisfeiler-Lehman để tóm tắt đồ thị nguồn gốc động thành histogram dòng (HistoGraph), tối ưu hóa bộ nhớ cho môi trường luồng.","Section 1, Section 3 (Design & Graph Sketching), Section 4 (Streaming Histogram & WL), Section 6",NONE
OCC-0186,"t_21(4,0)","KAIROS (Cheng et al., IEEE S&P 2024)  [29]",Cheng2024KAIROS,KAIROS: Practical Intrusion Detection and Investigation using Whole-system Provenance,SUPPORTED,Đề xuất hệ thống KAIROS ứng dụng mạng nơ-ron đồ thị thời gian (Temporal GNN) trên đồ thị nguồn gốc hệ thống: mô hình hóa sự tiến triển thời gian của các quan hệ nhân quả để phát hiện APT với độ trễ thấp và độ chính xác cao.,"Section I, Section III (System Architecture & Temporal GNN), Section IV (Evaluation)",NONE
OCC-0187,"t_21(5,0)","MAGIC (Jia et al., USENIX Security 2024)  [31]",Jia2024MAGIC,MAGIC: Detecting Advanced Persistent Threats via Masked Graph Representation Learning,SUPPORTED,"Đề xuất khung học tự giám sát MAGIC dựa trên cơ chế Masked Graph Autoencoder cho đồ thị nguồn gốc: che một phần cấu trúc cạnh và thuộc tính nút để huấn luyện mô hình khôi phục, tăng cường độ bền vững trước trôi dạt phân phối.","Section 1, Section 3 (Masked Graph Representation Learning), Section 4 (Pre-training & Reconstruction)",NONE
